index,Number_of_atom_types,Bandgap_LDA,Bandgap_HSE06,Atomization Energy,Lattice_parameter,Density,band,Formation_energy,cohesive_energy,cohesive_energy_per_atom,atomic_number_1,atomic_number_2,atomic_number_3,atomic_number_4,atomic_number_5,atomic_volume_1,atomic_volume_2,atomic_volume_3,atomic_volume_4,atomic_volume_5,covalent_radius_bragg_1,covalent_radius_bragg_2,covalent_radius_bragg_3,covalent_radius_bragg_4,covalent_radius_bragg_5,electron_affinity_1,electron_affinity_2,electron_affinity_3,electron_affinity_4,electron_affinity_5,en_pauling_1,en_pauling_2,en_pauling_3,en_pauling_4,en_pauling_5,group_id_1,group_id_2,group_id_3,group_id_4,group_id_5,ionenergies[1]_1,ionenergies[1]_2,ionenergies[1]_3,ionenergies[1]_4,ionenergies[1]_5,period_1,period_2,period_3,period_4,period_5
AlBO3,3,3.0439,4.9601,-8.01568562,3.64135679976897,2.43572945,3.117,67.188537,-36.87047,-7.3740939999999995,13.0,5.0,8.0,0.0,0.0,10.0,4.6,14.0,0.0,0.0,135.0,0.0,65.0,0.0,0.0,0.43283,0.279723,1.4611135,0.0,0.0,1.61,2.04,3.44,0.0,0.0,13.0,13.0,16.0,0.0,0.0,5.9857684,8.298019,13.618054,0.0,0.0,3.0,2.0,2.0,0.0,0.0
LaAlO3,3,3.5006,4.9377,-8.68704458,4.84903640160603,6.801954369,3.4989999999999997,-3.298601,-40.32600600000001,-8.0652012,57.0,13.0,8.0,0.0,0.0,22.5,10.0,14.0,0.0,0.0,0.0,135.0,65.0,0.0,0.0,0.47,0.43283,1.4611135,0.0,0.0,1.1,1.61,3.44,0.0,0.0,3.0,13.0,16.0,0.0,0.0,5.5769,5.9857684,13.618054,0.0,0.0,6.0,3.0,2.0,0.0,0.0
KSbO3,3,,0.7932,-6.10496138,3.93105895444059,5.687800465,0.285,-6.611006,-27.034362,-5.4068724,19.0,51.0,8.0,0.0,0.0,45.3,18.4,14.0,0.0,0.0,206.99999999999997,140.0,65.0,0.0,0.0,0.50147,1.046,1.4611135,0.0,0.0,0.82,2.05,3.44,0.0,0.0,1.0,15.0,16.0,0.0,0.0,4.34066354,8.608389,13.618054,0.0,0.0,4.0,5.0,2.0,0.0,0.0
HfBeO3,3,3.0272,4.6543,-8.702153424,4.61733875128239,8.67724094,2.887,-20.894053,-39.313145,-7.862629,72.0,4.0,8.0,0.0,0.0,13.6,5.0,14.0,0.0,0.0,0.0,114.99999999999999,65.0,0.0,0.0,0.013999999999999999,-2.4,1.4611135,0.0,0.0,1.3,1.57,3.44,0.0,0.0,4.0,2.0,16.0,0.0,0.0,6.82507,9.322699,13.618054,0.0,0.0,6.0,2.0,2.0,0.0,0.0
Hf2ON2,3,1.8516,3.0373,-10.16768146,4.27225743895443,8.094230133,2.242,-27.150909000000002,-49.678929000000004,-9.935785800000001,72.0,8.0,7.0,0.0,0.0,13.6,14.0,17.3,0.0,0.0,0.0,65.0,65.0,0.0,0.0,0.013999999999999999,1.4611135,-1.4,0.0,0.0,1.3,3.44,3.04,0.0,0.0,4.0,16.0,15.0,0.0,0.0,6.82507,13.618054,14.53413,0.0,0.0,6.0,2.0,2.0,0.0,0.0
GeTiO3,3,1.8913,2.9267,-8.051555122,3.8260150667029,4.785768462,1.909,-14.674364,-36.411311,-7.2822622,32.0,22.0,8.0,0.0,0.0,13.6,10.6,14.0,0.0,0.0,0.0,140.0,65.0,0.0,0.0,1.232712,0.079,1.4611135,0.0,0.0,2.01,1.54,3.44,0.0,0.0,14.0,4.0,16.0,0.0,0.0,7.899435,6.82812,13.618054,0.0,0.0,4.0,4.0,2.0,0.0,0.0
GeSnO3,3,1.1746,2.3173,-6.62243528,3.97033241721415,6.00384606,0.743,-11.634462,-29.419896,-5.883979200000001,32.0,50.0,8.0,0.0,0.0,13.6,16.3,14.0,0.0,0.0,0.0,140.0,65.0,0.0,0.0,1.232712,1.112067,1.4611135,0.0,0.0,2.01,1.96,3.44,0.0,0.0,14.0,14.0,16.0,0.0,0.0,7.899435,7.343917,13.618054,0.0,0.0,4.0,5.0,2.0,0.0,0.0
GePbO3,3,,0.1167,-6.107678358,3.78056956614904,6.999029221,0.10300000000000001,-15.310664000000001,-27.058753,-5.4117505999999995,32.0,82.0,8.0,0.0,0.0,13.6,18.3,14.0,0.0,0.0,0.0,0.0,65.0,0.0,0.0,1.232712,0.35674316,1.4611135,0.0,0.0,2.01,1.8,3.44,0.0,0.0,14.0,14.0,16.0,0.0,0.0,7.899435,7.4166796,13.618054,0.0,0.0,4.0,6.0,2.0,0.0,0.0
CsTaO3,3,2.4258,3.7004,-8.171520224,4.01944319055106,8.792342274,3.187,-7.7979161999999995,-35.61786,-7.123572,55.0,73.0,8.0,0.0,0.0,70.0,10.9,14.0,0.0,0.0,237.0,0.0,65.0,0.0,0.0,0.47162600000000005,0.322,1.4611135,0.0,0.0,0.79,1.5,3.44,0.0,0.0,1.0,5.0,16.0,0.0,0.0,3.893905548,7.54957,13.618054,0.0,0.0,6.0,6.0,2.0,0.0,0.0
CsMnN3,3,,0.052,-6.651084872,5.65928675643809,5.305547327,0.011000000000000001,-16.678936,-38.116384,-7.623276799999999,55.0,25.0,7.0,0.0,0.0,70.0,7.39,17.3,0.0,0.0,237.0,147.0,65.0,0.0,0.0,0.47162600000000005,0.0,-1.4,0.0,0.0,0.79,1.55,3.04,0.0,0.0,1.0,7.0,15.0,0.0,0.0,3.893905548,7.434018,14.53413,0.0,0.0,6.0,4.0,2.0,0.0,0.0
CsIrN3,3,,0.0052,-6.676046728,3.88157424123184,7.350366804,0.013000000000000001,-9.567432,-29.100426,-5.820085199999999,55.0,77.0,7.0,0.0,0.0,70.0,8.54,17.3,0.0,0.0,237.0,0.0,65.0,0.0,0.0,0.47162600000000005,1.5638,-1.4,0.0,0.0,0.79,2.2,3.04,0.0,0.0,1.0,9.0,15.0,0.0,0.0,3.893905548,8.96702,14.53413,0.0,0.0,6.0,6.0,2.0,0.0,0.0
CdSiO3,3,0.4925,2.3181,-6.742354736,3.89891258567487,6.989842359,0.654,-17.421595,-29.422649,-5.8845298,48.0,14.0,8.0,0.0,0.0,13.1,12.1,14.0,0.0,0.0,160.0,117.0,65.0,0.0,0.0,0.0,1.3895211,1.4611135,0.0,0.0,1.69,1.9,3.44,0.0,0.0,12.0,14.0,16.0,0.0,0.0,8.993822,8.151683,13.618054,0.0,0.0,5.0,3.0,2.0,0.0,0.0
CaTiO3,3,2.0007,3.4786,-8.424398778,3.83854627109805,3.973795928,1.97,-16.673451999999997,-38.364569,-7.672913800000001,20.0,22.0,8.0,0.0,0.0,29.9,10.6,14.0,0.0,0.0,170.0,140.0,65.0,0.0,0.0,0.02455,0.079,1.4611135,0.0,0.0,1.0,1.54,3.44,0.0,0.0,2.0,4.0,16.0,0.0,0.0,6.1131552,6.82812,13.618054,0.0,0.0,4.0,4.0,2.0,0.0,0.0
CaSiO3,3,4.2891,6.2151,-7.997728334,3.90568420290933,4.356421097,3.447,-22.025154999999998,-35.865924,-7.1731848,20.0,14.0,8.0,0.0,0.0,29.9,12.1,14.0,0.0,0.0,170.0,117.0,65.0,0.0,0.0,0.02455,1.3895211,1.4611135,0.0,0.0,1.0,1.9,3.44,0.0,0.0,2.0,14.0,16.0,0.0,0.0,6.1131552,8.151683,13.618054,0.0,0.0,4.0,3.0,2.0,0.0,0.0
CaHfO3,3,3.6712,5.3184,-8.791517498,4.14182516446812,6.703907401,3.6910000000000003,-7.060864,-40.25903,-8.051806000000001,20.0,72.0,8.0,0.0,0.0,29.9,13.6,14.0,0.0,0.0,170.0,0.0,65.0,0.0,0.0,0.02455,0.013999999999999999,1.4611135,0.0,0.0,1.0,1.3,3.44,0.0,0.0,2.0,4.0,16.0,0.0,0.0,6.1131552,6.82507,13.618054,0.0,0.0,4.0,6.0,2.0,0.0,0.0
CaGeO3,3,1.0898,2.8409,-7.123175834,4.29114195541326,5.193465776,0.043,-20.109007000000002,-31.718325999999994,-6.3436651999999984,20.0,32.0,8.0,0.0,0.0,29.9,13.6,14.0,0.0,0.0,170.0,0.0,65.0,0.0,0.0,0.02455,1.232712,1.4611135,0.0,0.0,1.0,2.01,3.44,0.0,0.0,2.0,14.0,16.0,0.0,0.0,6.1131552,7.899435,13.618054,0.0,0.0,4.0,4.0,2.0,0.0,0.0
LaBO3,3,4.0399,5.8861,-8.94616928,5.75922820853499,5.769372589,3.696,85.784379,-41.900999,-8.3801998,57.0,5.0,8.0,0.0,0.0,22.5,4.6,14.0,0.0,0.0,0.0,0.0,65.0,0.0,0.0,0.47,0.279723,1.4611135,0.0,0.0,1.1,2.04,3.44,0.0,0.0,3.0,13.0,16.0,0.0,0.0,5.5769,8.298019,13.618054,0.0,0.0,6.0,2.0,2.0,0.0,0.0
PbSiO3,3,1.6414,3.0182,-7.392531664,3.44578751717513,8.473360339,1.882,-11.235648,-32.978053,-6.5956106000000005,82.0,14.0,8.0,0.0,0.0,18.3,12.1,14.0,0.0,0.0,0.0,117.0,65.0,0.0,0.0,0.35674316,1.3895211,1.4611135,0.0,0.0,1.8,1.9,3.44,0.0,0.0,14.0,14.0,16.0,0.0,0.0,7.4166796,8.151683,13.618054,0.0,0.0,6.0,3.0,2.0,0.0,0.0
PbSnO3,3,1.5793,2.9129,-6.540654302,4.36575838933473,9.277751952,0.904,-11.14847,-28.900333,-5.7800666,82.0,50.0,8.0,0.0,0.0,18.3,16.3,14.0,0.0,0.0,0.0,140.0,65.0,0.0,0.0,0.35674316,1.112067,1.4611135,0.0,0.0,1.8,1.96,3.44,0.0,0.0,14.0,14.0,16.0,0.0,0.0,7.4166796,7.343917,13.618054,0.0,0.0,6.0,5.0,2.0,0.0,0.0
RbNbO3,3,2.1364,3.4645,-8.167802296,3.77802774913642,5.780116478,2.721,-14.548979000000001,-37.293267,-7.4586534,37.0,41.0,8.0,0.0,0.0,55.9,10.8,14.0,0.0,0.0,225.0,0.0,65.0,0.0,0.0,0.48591999999999996,0.917406,1.4611135,0.0,0.0,0.82,1.6,3.44,0.0,0.0,1.0,5.0,16.0,0.0,0.0,4.177128,6.75885,13.618054,0.0,0.0,5.0,5.0,2.0,0.0,0.0
ZrBeO3,3,2.5491,4.156,-8.566207162,4.25415154945705,5.370535114,2.469,-9.345872,-39.015695,-7.803139,40.0,4.0,8.0,0.0,0.0,14.1,5.0,14.0,0.0,0.0,0.0,114.99999999999999,65.0,0.0,0.0,0.426,-2.4,1.4611135,0.0,0.0,1.33,1.57,3.44,0.0,0.0,4.0,2.0,16.0,0.0,0.0,6.6339,9.322699,13.618054,0.0,0.0,5.0,2.0,2.0,0.0,0.0
Zr2ON2,3,1.467,2.6194,-9.85556373,3.8950295765501,4.400792215,1.8159999999999998,-28.438584000000002,-47.211072,-9.442214400000001,40.0,8.0,7.0,0.0,0.0,14.1,14.0,17.3,0.0,0.0,0.0,65.0,65.0,0.0,0.0,0.426,1.4611135,-1.4,0.0,0.0,1.33,3.44,3.04,0.0,0.0,4.0,16.0,15.0,0.0,0.0,6.6339,13.618054,14.53413,0.0,0.0,5.0,2.0,2.0,0.0,0.0
YGaO3,3,3.1688,4.7198,-7.729418168,3.68556896840047,5.693178705,2.801,-12.543674000000001,-34.824946999999995,-6.9649893999999986,39.0,31.0,8.0,0.0,0.0,19.8,11.8,14.0,0.0,0.0,0.0,0.0,65.0,0.0,0.0,0.307,0.43,1.4611135,0.0,0.0,1.22,1.81,3.44,0.0,0.0,3.0,13.0,16.0,0.0,0.0,6.21726,5.9993018,13.618054,0.0,0.0,5.0,4.0,2.0,0.0,0.0
TeBeO3,3,3.2074,4.7597,-6.568257152,3.92478070768279,5.097985224,3.478,-3.397393,-29.437535,-5.887507,52.0,4.0,8.0,0.0,0.0,20.5,5.0,14.0,0.0,0.0,133.0,114.99999999999999,65.0,0.0,0.0,1.9708759999999999,-2.4,1.4611135,0.0,0.0,2.1,1.57,3.44,0.0,0.0,16.0,2.0,16.0,0.0,0.0,9.00966,9.322699,13.618054,0.0,0.0,5.0,2.0,2.0,0.0,0.0
SrSnO3,3,1.74,3.3891,-6.91313504,3.4100359749745,6.469134934,0.977,-10.784593,-30.912132999999997,-6.182426599999999,38.0,50.0,8.0,0.0,0.0,33.7,16.3,14.0,0.0,0.0,195.0,140.0,65.0,0.0,0.0,0.048,1.112067,1.4611135,0.0,0.0,0.95,1.96,3.44,0.0,0.0,2.0,14.0,16.0,0.0,0.0,5.6948672,7.343917,13.618054,0.0,0.0,5.0,5.0,2.0,0.0,0.0
SrSiO3,3,3.2786,5.1396,-7.858719568,5.41241178210342,5.72138514,2.451,-15.416445000000001,-35.03112,-7.0062240000000005,38.0,14.0,8.0,0.0,0.0,33.7,12.1,14.0,0.0,0.0,195.0,117.0,65.0,0.0,0.0,0.048,1.3895211,1.4611135,0.0,0.0,0.95,1.9,3.44,0.0,0.0,2.0,14.0,16.0,0.0,0.0,5.6948672,8.151683,13.618054,0.0,0.0,5.0,3.0,2.0,0.0,0.0
SrGeO3,3,0.4383,2.1155,-7.094234682,4.2050886265362,6.398654687,0.087,-23.456789,-31.435521,-6.2871042,38.0,32.0,8.0,0.0,0.0,33.7,13.6,14.0,0.0,0.0,195.0,0.0,65.0,0.0,0.0,0.048,1.232712,1.4611135,0.0,0.0,0.95,2.01,3.44,0.0,0.0,2.0,14.0,16.0,0.0,0.0,5.6948672,7.899435,13.618054,0.0,0.0,5.0,4.0,2.0,0.0,0.0
BiYO3,3,2.9438,4.3001,-7.543622104,3.9021418935302,6.77652727,2.966,-20.676546,-34.47887899999999,-6.895775799999998,83.0,39.0,8.0,0.0,0.0,21.3,19.8,14.0,0.0,0.0,148.0,0.0,65.0,0.0,0.0,0.942362,0.307,1.4611135,0.0,0.0,1.9,1.22,3.44,0.0,0.0,15.0,3.0,16.0,0.0,0.0,7.285516,6.21726,13.618054,0.0,0.0,6.0,5.0,2.0,0.0,0.0
SnTiO3,3,0.4781,1.4845,-7.992716102,4.13828690172594,5.81410234,0.86,-9.872359,-36.165201,-7.2330402000000005,50.0,22.0,8.0,0.0,0.0,16.3,10.6,14.0,0.0,0.0,140.0,140.0,65.0,0.0,0.0,1.112067,0.079,1.4611135,0.0,0.0,1.96,1.54,3.44,0.0,0.0,14.0,4.0,16.0,0.0,0.0,7.343917,6.82812,13.618054,0.0,0.0,5.0,4.0,2.0,0.0,0.0
SiGeO3,3,,0.0118,-6.910290282,4.8741988934489,4.392340637,2.594,-8.548902,-33.6091,-6.721819999999999,14.0,32.0,8.0,0.0,0.0,12.1,13.6,14.0,0.0,0.0,117.0,0.0,65.0,0.0,0.0,1.3895211,1.232712,1.4611135,0.0,0.0,1.9,2.01,3.44,0.0,0.0,14.0,14.0,16.0,0.0,0.0,8.151683,7.899435,13.618054,0.0,0.0,3.0,4.0,2.0,0.0,0.0
SbYO3,3,3.4233,4.6879,-7.686315988,3.80906100353905,5.102295967,3.464,-13.347864999999999,-35.21433,-7.042865999999999,51.0,39.0,8.0,0.0,0.0,18.4,19.8,14.0,0.0,0.0,140.0,0.0,65.0,0.0,0.0,1.046,0.307,1.4611135,0.0,0.0,2.05,1.22,3.44,0.0,0.0,15.0,3.0,16.0,0.0,0.0,8.608389,6.21726,13.618054,0.0,0.0,5.0,5.0,2.0,0.0,0.0
SbInO3,3,2.9117,4.3901,-6.318696196,3.57041095607576,6.145929796,2.229,-9.33723,-28.106091000000003,-5.6212182,51.0,49.0,8.0,0.0,0.0,18.4,15.7,14.0,0.0,0.0,140.0,0.0,65.0,0.0,0.0,1.046,0.3,1.4611135,0.0,0.0,2.05,1.78,3.44,0.0,0.0,15.0,13.0,16.0,0.0,0.0,8.608389,5.7863552,13.618054,0.0,0.0,5.0,5.0,2.0,0.0,0.0
SbGaO3,3,3.0188,4.4953,-6.582634638,4.03065143375233,6.572804724,2.253,-0.270548,-29.040179000000002,-5.808035800000001,51.0,31.0,8.0,0.0,0.0,18.4,11.8,14.0,0.0,0.0,140.0,0.0,65.0,0.0,0.0,1.046,0.43,1.4611135,0.0,0.0,2.05,1.81,3.44,0.0,0.0,15.0,13.0,16.0,0.0,0.0,8.608389,5.9993018,13.618054,0.0,0.0,5.0,4.0,2.0,0.0,0.0
SbBO3,3,3.1939,4.377,-7.585568714,4.4090909041188,5.17835994,3.449,76.966737,-34.293555,-6.858711,51.0,5.0,8.0,0.0,0.0,18.4,4.6,14.0,0.0,0.0,140.0,0.0,65.0,0.0,0.0,1.046,0.279723,1.4611135,0.0,0.0,2.05,2.04,3.44,0.0,0.0,15.0,13.0,16.0,0.0,0.0,8.608389,8.298019,13.618054,0.0,0.0,5.0,2.0,2.0,0.0,0.0
SbAlO3,3,2.8579,3.9901,-7.29618377,3.91662653882407,6.023192765,3.0839999999999996,-13.314122,-32.651699,-6.5303398,51.0,13.0,8.0,0.0,0.0,18.4,10.0,14.0,0.0,0.0,140.0,135.0,65.0,0.0,0.0,1.046,0.43283,1.4611135,0.0,0.0,2.05,1.61,3.44,0.0,0.0,15.0,13.0,16.0,0.0,0.0,8.608389,5.9857684,13.618054,0.0,0.0,5.0,3.0,2.0,0.0,0.0
Sb2ON2,3,0.045,0.9801,-6.598385156,3.95092979483855,6.993206566,0.071,-11.958458,-29.18112,-5.836224,51.0,8.0,7.0,0.0,0.0,18.4,14.0,17.3,0.0,0.0,140.0,65.0,65.0,0.0,0.0,1.046,1.4611135,-1.4,0.0,0.0,2.05,3.44,3.04,0.0,0.0,15.0,16.0,15.0,0.0,0.0,8.608389,13.618054,14.53413,0.0,0.0,5.0,2.0,2.0,0.0,0.0
Sn2O2S,3,,0.0189,-5.961656518,4.65369950750801,5.970564474,0.019,-13.832435,-26.466837,-5.2933674,50.0,8.0,16.0,0.0,0.0,16.3,14.0,15.5,0.0,0.0,140.0,65.0,102.0,0.0,0.0,1.112067,1.4611135,2.07710403,0.0,0.0,1.96,3.44,2.58,0.0,0.0,14.0,16.0,16.0,0.0,0.0,7.343917,13.618054,10.36001,0.0,0.0,5.0,2.0,3.0,0.0,0.0
BiWN3,3,,0.1822,-8.70552278,3.2958721062336,10.70597087,0.073,-18.785633999999998,-39.147453999999996,-7.829490799999999,83.0,74.0,7.0,0.0,0.0,21.3,9.53,17.3,0.0,0.0,148.0,0.0,65.0,0.0,0.0,0.942362,0.81626,-1.4,0.0,0.0,1.9,1.7,3.04,0.0,0.0,15.0,6.0,15.0,0.0,0.0,7.285516,7.86403,14.53413,0.0,0.0,6.0,6.0,2.0,0.0,0.0
MgSiO3,3,2.2983,4.1329,-7.500260958,5.50894500597215,3.54125341,2.2680000000000002,-15.327869,-33.808068999999996,-6.761613799999999,12.0,14.0,8.0,0.0,0.0,14.0,12.1,14.0,0.0,0.0,142.0,117.0,65.0,0.0,0.0,0.0,1.3895211,1.4611135,0.0,0.0,1.31,1.9,3.44,0.0,0.0,2.0,14.0,16.0,0.0,0.0,7.646235,8.151683,13.618054,0.0,0.0,3.0,3.0,2.0,0.0,0.0
AsInO3,3,2.7852,4.5009,-6.387189774,3.29432902852664,5.183245869,2.135,-16.5821,-28.487160000000003,-5.697432000000001,33.0,49.0,8.0,0.0,0.0,13.1,15.7,14.0,0.0,0.0,126.0,0.0,65.0,0.0,0.0,0.804,0.3,1.4611135,0.0,0.0,2.18,1.78,3.44,0.0,0.0,15.0,13.0,16.0,0.0,0.0,9.789,5.7863552,13.618054,0.0,0.0,4.0,5.0,2.0,0.0,0.0
BaZrO3,3,3.1083,4.6546,-8.6737559,3.87018590842371,6.322577089,3.0039999999999996,-17.821402,-39.905365,-7.981073,56.0,40.0,8.0,0.0,0.0,39.0,14.1,14.0,0.0,0.0,210.0,0.0,65.0,0.0,0.0,0.14462,0.426,1.4611135,0.0,0.0,0.89,1.33,3.44,0.0,0.0,2.0,4.0,16.0,0.0,0.0,5.211664,6.6339,13.618054,0.0,0.0,6.0,5.0,2.0,0.0,0.0
BiBO3,3,2.7869,4.2691,-7.568196946,4.04551676430396,7.8855147,2.755,74.369925,-34.075342,-6.8150683999999995,83.0,5.0,8.0,0.0,0.0,21.3,4.6,14.0,0.0,0.0,148.0,0.0,65.0,0.0,0.0,0.942362,0.279723,1.4611135,0.0,0.0,1.9,2.04,3.44,0.0,0.0,15.0,13.0,16.0,0.0,0.0,7.285516,8.298019,13.618054,0.0,0.0,6.0,2.0,2.0,0.0,0.0
AsGaO3,3,2.951,4.8246,-6.624315746,3.85415235998791,5.319088956,2.201,2.805237,-29.323779000000002,-5.8647558,33.0,31.0,8.0,0.0,0.0,13.1,11.8,14.0,0.0,0.0,126.0,0.0,65.0,0.0,0.0,0.804,0.43,1.4611135,0.0,0.0,2.18,1.81,3.44,0.0,0.0,15.0,13.0,16.0,0.0,0.0,9.789,5.9993018,13.618054,0.0,0.0,4.0,4.0,2.0,0.0,0.0
BiAlO3,3,1.9555,3.0794,-7.263669556,3.96218964594708,8.477335178,2.491,-10.45876,-32.51219900000001,-6.502439800000002,83.0,13.0,8.0,0.0,0.0,21.3,10.0,14.0,0.0,0.0,148.0,135.0,65.0,0.0,0.0,0.942362,0.43283,1.4611135,0.0,0.0,1.9,1.61,3.44,0.0,0.0,15.0,13.0,16.0,0.0,0.0,7.285516,5.9857684,13.618054,0.0,0.0,6.0,3.0,2.0,0.0,0.0
BaTiO3,3,1.8007,3.1578,-8.42877744,3.88932803257577,6.244428399,2.279,-3.678378,-38.213446999999995,-7.642689399999999,56.0,22.0,8.0,0.0,0.0,39.0,10.6,14.0,0.0,0.0,210.0,140.0,65.0,0.0,0.0,0.14462,0.079,1.4611135,0.0,0.0,0.89,1.54,3.44,0.0,0.0,2.0,4.0,16.0,0.0,0.0,5.211664,6.82812,13.618054,0.0,0.0,6.0,4.0,2.0,0.0,0.0
AsYO3,3,4.0974,5.5064,-7.779887402,3.78880369047572,4.23752165,4.149,-5.567983,-35.691015,-7.138203,33.0,39.0,8.0,0.0,0.0,13.1,19.8,14.0,0.0,0.0,126.0,0.0,65.0,0.0,0.0,0.804,0.307,1.4611135,0.0,0.0,2.18,1.22,3.44,0.0,0.0,15.0,3.0,16.0,0.0,0.0,9.789,6.21726,13.618054,0.0,0.0,4.0,5.0,2.0,0.0,0.0
BeSiO3,3,2.2019,4.0191,-7.622240166,4.19551165726325,3.169552207,1.264,-11.897324000000001,-34.60417,-6.920834000000001,4.0,14.0,8.0,0.0,0.0,5.0,12.1,14.0,0.0,0.0,114.99999999999999,117.0,65.0,0.0,0.0,-2.4,1.3895211,1.4611135,0.0,0.0,1.57,1.9,3.44,0.0,0.0,2.0,14.0,16.0,0.0,0.0,9.322699,8.151683,13.618054,0.0,0.0,2.0,3.0,2.0,0.0,0.0
AsAlO3,3,3.6194,5.2981,-7.331719576,4.02647749151764,4.626034303,3.779,-10.417342,-32.916544,-6.5833088,33.0,13.0,8.0,0.0,0.0,13.1,10.0,14.0,0.0,0.0,126.0,135.0,65.0,0.0,0.0,0.804,0.43283,1.4611135,0.0,0.0,2.18,1.61,3.44,0.0,0.0,15.0,13.0,16.0,0.0,0.0,9.789,5.9857684,13.618054,0.0,0.0,4.0,3.0,2.0,0.0,0.0
BaSnO3,3,1.0789,2.674,-6.982532014,4.11258048025812,7.340827857,0.047,-21.522633,-31.159105,-6.231821,56.0,50.0,8.0,0.0,0.0,39.0,16.3,14.0,0.0,0.0,210.0,140.0,65.0,0.0,0.0,0.14462,1.112067,1.4611135,0.0,0.0,0.89,1.96,3.44,0.0,0.0,2.0,14.0,16.0,0.0,0.0,5.211664,7.343917,13.618054,0.0,0.0,6.0,5.0,2.0,0.0,0.0
BaTeO3,3,1.4119,2.1903,-6.414626564,3.61594608073916,6.480353237,1.535,-9.45677,-28.734838,-5.7469676,56.0,52.0,8.0,0.0,0.0,39.0,20.5,14.0,0.0,0.0,210.0,133.0,65.0,0.0,0.0,0.14462,1.9708759999999999,1.4611135,0.0,0.0,0.89,2.1,3.44,0.0,0.0,2.0,16.0,16.0,0.0,0.0,5.211664,9.00966,13.618054,0.0,0.0,6.0,5.0,2.0,0.0,0.0
BaSiO3,3,1.2489,3.0149,-7.69779584,3.98927789548032,5.872953648,0.85,-14.632155,-34.658291999999996,-6.931658399999999,56.0,14.0,8.0,0.0,0.0,39.0,12.1,14.0,0.0,0.0,210.0,117.0,65.0,0.0,0.0,0.14462,1.3895211,1.4611135,0.0,0.0,0.89,1.9,3.44,0.0,0.0,2.0,14.0,16.0,0.0,0.0,5.211664,8.151683,13.618054,0.0,0.0,6.0,3.0,2.0,0.0,0.0
SiHfO2S,4,0.7755,1.5173,-8.168691776,3.80678045552135,7.915455378,1.0090000000000001,-21.547438,-36.624075,-7.324814999999999,14.0,72.0,8.0,16.0,0.0,12.1,13.6,14.0,15.5,0.0,117.0,0.0,65.0,102.0,0.0,1.3895211,0.013999999999999999,1.4611135,2.07710403,0.0,1.9,1.3,3.44,2.58,0.0,14.0,4.0,16.0,16.0,0.0,8.151683,6.82507,13.618054,10.36001,0.0,3.0,6.0,2.0,3.0,0.0
ScInO2S,4,1.6312,2.829,-6.840933042,3.99641676963377,4.687826757,1.405,-17.284249,-30.822999,-6.1645997999999995,21.0,49.0,8.0,16.0,0.0,15.0,15.7,14.0,15.5,0.0,0.0,0.0,65.0,102.0,0.0,0.188,0.3,1.4611135,2.07710403,0.0,1.36,1.78,3.44,2.58,0.0,3.0,13.0,16.0,16.0,0.0,6.56149,5.7863552,13.618054,10.36001,0.0,4.0,5.0,2.0,3.0,0.0
SiInO2F,4,1.5039,2.6415,-6.15753574,4.27967527626998,4.338698065,1.4369999999999998,-8.563889999999999,-27.564284,-5.5128568,14.0,49.0,8.0,9.0,0.0,12.1,15.7,14.0,17.1,0.0,117.0,0.0,65.0,67.0,0.0,1.3895211,0.3,1.4611135,3.4011897000000006,0.0,1.9,1.78,3.44,3.98,0.0,14.0,13.0,16.0,17.0,0.0,8.151683,5.7863552,13.618054,17.42282,0.0,3.0,5.0,2.0,2.0,0.0
SiNbO2N,4,1.079,1.8383,-8.821332556,3.65697980437232,4.969029467,1.474,-21.674298,-39.91023,-7.9820459999999995,14.0,41.0,8.0,7.0,0.0,12.1,10.8,14.0,17.3,0.0,117.0,0.0,65.0,65.0,0.0,1.3895211,0.917406,1.4611135,-1.4,0.0,1.9,1.6,3.44,3.04,0.0,14.0,5.0,16.0,15.0,0.0,8.151683,6.75885,13.618054,14.53413,0.0,3.0,5.0,2.0,2.0,0.0
SiBO2F,4,2.5828,3.8005,-7.295675932,4.31380080781636,2.404839363,0.8590000000000001,63.956063,-33.343928000000005,-6.668785600000001,14.0,5.0,8.0,9.0,0.0,12.1,4.6,14.0,17.1,0.0,117.0,0.0,65.0,67.0,0.0,1.3895211,0.279723,1.4611135,3.4011897000000006,0.0,1.9,2.04,3.44,3.98,0.0,14.0,13.0,16.0,17.0,0.0,8.151683,8.298019,13.618054,17.42282,0.0,3.0,2.0,2.0,2.0,0.0
AsSiO2N,4,3.2856,4.8548,-7.59815695,3.91329315192245,4.237474337,3.179,-9.452346,-34.192612999999994,-6.838522599999999,33.0,14.0,8.0,7.0,0.0,13.1,12.1,14.0,17.3,0.0,126.0,117.0,65.0,65.0,0.0,0.804,1.3895211,1.4611135,-1.4,0.0,2.18,1.9,3.44,3.04,0.0,15.0,14.0,16.0,15.0,0.0,9.789,8.151683,13.618054,14.53413,0.0,4.0,3.0,2.0,2.0,0.0
ScTaON2,4,1.0229,2.091,-9.614206664,3.88734298557143,6.84819272,1.7,-26.358572,-44.25763,-8.851526,21.0,73.0,8.0,7.0,0.0,15.0,10.9,14.0,17.3,0.0,0.0,0.0,65.0,65.0,0.0,0.188,0.322,1.4611135,-1.4,0.0,1.36,1.5,3.44,3.04,0.0,3.0,5.0,16.0,15.0,0.0,6.56149,7.54957,13.618054,14.53413,0.0,4.0,6.0,2.0,2.0,0.0
ScSiO2N,4,2.8973,4.3977,-8.601449736,3.97194031411541,4.15311325,2.742,-20.109572,-38.973158,-7.7946316,21.0,14.0,8.0,7.0,0.0,15.0,12.1,14.0,17.3,0.0,0.0,117.0,65.0,65.0,0.0,0.188,1.3895211,1.4611135,-1.4,0.0,1.36,1.9,3.44,3.04,0.0,3.0,14.0,16.0,15.0,0.0,6.56149,8.151683,13.618054,14.53413,0.0,4.0,3.0,2.0,2.0,0.0
ScSbON2,4,0.2285,1.1013,-7.474738296,4.53445412305742,4.552932527,0.08199999999999999,-18.358392000000002,-34.329866,-6.865973200000001,21.0,51.0,8.0,7.0,0.0,15.0,18.4,14.0,17.3,0.0,0.0,140.0,65.0,65.0,0.0,0.188,1.046,1.4611135,-1.4,0.0,1.36,2.05,3.44,3.04,0.0,3.0,15.0,16.0,15.0,0.0,6.56149,8.608389,13.618054,14.53413,0.0,4.0,5.0,2.0,2.0,0.0
SnAlO2F,4,2.698,3.8597,-6.846708162,3.72965266517113,5.458674216,3.0210000000000004,-15.823445999999999,-30.825064999999995,-6.165012999999999,50.0,13.0,8.0,9.0,0.0,16.3,10.0,14.0,17.1,0.0,140.0,135.0,65.0,67.0,0.0,1.112067,0.43283,1.4611135,3.4011897000000006,0.0,1.96,1.61,3.44,3.98,0.0,14.0,13.0,16.0,17.0,0.0,7.343917,5.9857684,13.618054,17.42282,0.0,5.0,3.0,2.0,2.0,0.0
BiSnO2N,4,1.2878,2.4606,-6.547931718,3.97931202102972,8.845974463,0.871,-14.298673999999998,-28.925165999999997,-5.785033199999999,83.0,50.0,8.0,7.0,0.0,21.3,16.3,14.0,17.3,0.0,148.0,140.0,65.0,65.0,0.0,0.942362,1.112067,1.4611135,-1.4,0.0,1.9,1.96,3.44,3.04,0.0,15.0,14.0,16.0,15.0,0.0,7.285516,7.343917,13.618054,14.53413,0.0,6.0,5.0,2.0,2.0,0.0
ScBO2S,4,2.8668,4.1481,-7.924510556,4.01843885503295,3.213466882,2.823,70.845889,-36.176794,-7.2353588,21.0,5.0,8.0,16.0,0.0,15.0,4.6,14.0,15.5,0.0,0.0,0.0,65.0,102.0,0.0,0.188,0.279723,1.4611135,2.07710403,0.0,1.36,2.04,3.44,2.58,0.0,3.0,13.0,16.0,16.0,0.0,6.56149,8.298019,13.618054,10.36001,0.0,4.0,2.0,2.0,3.0,0.0
BaBO2F,4,4.7199,6.4938,-7.503126156,4.20229882690916,4.916082523,2.677,65.237981,-34.374622,-6.8749244,56.0,5.0,8.0,9.0,0.0,39.0,4.6,14.0,17.1,0.0,210.0,0.0,65.0,67.0,0.0,0.14462,0.279723,1.4611135,3.4011897000000006,0.0,0.89,2.04,3.44,3.98,0.0,2.0,13.0,16.0,17.0,0.0,5.211664,8.298019,13.618054,17.42282,0.0,6.0,2.0,2.0,2.0,0.0
RbHfO2F,4,2.8026,4.3862,-7.612113148,5.78174773311496,7.492334071,1.845,-10.346798,-34.713299,-6.9426597999999995,37.0,72.0,8.0,9.0,0.0,55.9,13.6,14.0,17.1,0.0,225.0,0.0,65.0,67.0,0.0,0.48591999999999996,0.013999999999999999,1.4611135,3.4011897000000006,0.0,0.82,1.3,3.44,3.98,0.0,1.0,4.0,16.0,17.0,0.0,4.177128,6.82507,13.618054,17.42282,0.0,5.0,6.0,2.0,2.0,0.0
BiScO2S,4,1.6419,2.5163,-7.077628918,4.06262378244164,6.24255,1.771,-19.353929,-32.152364,-6.4304727999999995,83.0,21.0,8.0,16.0,0.0,21.3,15.0,14.0,15.5,0.0,148.0,0.0,65.0,102.0,0.0,0.942362,0.188,1.4611135,2.07710403,0.0,1.9,1.36,3.44,2.58,0.0,15.0,3.0,16.0,16.0,0.0,7.285516,6.56149,13.618054,10.36001,0.0,6.0,4.0,2.0,3.0,0.0
BaTaO2N,4,0.6644,2.0011,-9.013007898,4.09738288637962,8.873847761,0.6759999999999999,-19.347198000000002,-41.037828000000005,-8.2075656,56.0,73.0,8.0,7.0,0.0,39.0,10.9,14.0,17.3,0.0,210.0,0.0,65.0,65.0,0.0,0.14462,0.322,1.4611135,-1.4,0.0,0.89,1.5,3.44,3.04,0.0,2.0,5.0,16.0,15.0,0.0,5.211664,7.54957,13.618054,14.53413,0.0,6.0,6.0,2.0,2.0,0.0
RbSiO2F,4,0.9252,2.7489,-6.488920126,4.23812219135026,4.477118479,0.5489999999999999,-18.028372,-29.254504,-5.8509008,37.0,14.0,8.0,9.0,0.0,55.9,12.1,14.0,17.1,0.0,225.0,117.0,65.0,67.0,0.0,0.48591999999999996,1.3895211,1.4611135,3.4011897000000006,0.0,0.82,1.9,3.44,3.98,0.0,1.0,14.0,16.0,17.0,0.0,4.177128,8.151683,13.618054,17.42282,0.0,5.0,3.0,2.0,2.0,0.0
RbTiO2F,4,1.3431,2.7813,-7.113869012,4.10440961680883,4.868376998,0.46,-18.785633999999998,-32.322652999999995,-6.464530599999999,37.0,22.0,8.0,9.0,0.0,55.9,10.6,14.0,17.1,0.0,225.0,140.0,65.0,67.0,0.0,0.48591999999999996,0.079,1.4611135,3.4011897000000006,0.0,0.82,1.54,3.44,3.98,0.0,1.0,4.0,16.0,17.0,0.0,4.177128,6.82812,13.618054,17.42282,0.0,5.0,4.0,2.0,2.0,0.0
RbWO2N,4,0.7051,1.9046,-8.20046472,5.46094144325831,7.42171565,1.047,-20.234773999999998,-37.426038,-7.4852076,37.0,74.0,8.0,7.0,0.0,55.9,9.53,14.0,17.3,0.0,225.0,0.0,65.0,65.0,0.0,0.48591999999999996,0.81626,1.4611135,-1.4,0.0,0.82,1.7,3.44,3.04,0.0,1.0,6.0,16.0,15.0,0.0,4.177128,7.86403,13.618054,14.53413,0.0,5.0,6.0,2.0,2.0,0.0
BaScO2F,4,3.1459,4.92,-7.615282422,3.69493061375316,5.606938557,2.066,-12.76345,-34.870317,-6.9740634,56.0,21.0,8.0,9.0,0.0,39.0,15.0,14.0,17.1,0.0,210.0,0.0,65.0,67.0,0.0,0.14462,0.188,1.4611135,3.4011897000000006,0.0,0.89,1.36,3.44,3.98,0.0,2.0,3.0,16.0,17.0,0.0,5.211664,6.56149,13.618054,17.42282,0.0,6.0,4.0,2.0,2.0,0.0
BaNbO2N,4,0.6772,2.0768,-8.892378904,4.36278922396888,6.625204367,1.91,-18.456732000000002,-40.568495,-8.113699,56.0,41.0,8.0,7.0,0.0,39.0,10.8,14.0,17.3,0.0,210.0,0.0,65.0,65.0,0.0,0.14462,0.917406,1.4611135,-1.4,0.0,0.89,1.6,3.44,3.04,0.0,2.0,5.0,16.0,15.0,0.0,5.211664,6.75885,13.618054,14.53413,0.0,6.0,5.0,2.0,2.0,0.0
SbGeO2N,4,1.8696,3.2294,-6.825521008,4.02713893138762,6.011455546,1.686,-14.743828,-30.359479,-6.0718958,51.0,32.0,8.0,7.0,0.0,18.4,13.6,14.0,17.3,0.0,140.0,0.0,65.0,65.0,0.0,1.046,1.232712,1.4611135,-1.4,0.0,2.05,2.01,3.44,3.04,0.0,15.0,14.0,16.0,15.0,0.0,8.608389,7.899435,13.618054,14.53413,0.0,5.0,4.0,2.0,2.0,0.0
BaGaO2F,4,1.2072,2.9542,-6.46713685,3.89806525985012,6.873468662,0.48700000000000004,-9.985467,-28.639046,-5.7278092,56.0,31.0,8.0,9.0,0.0,39.0,11.8,14.0,17.1,0.0,210.0,0.0,65.0,67.0,0.0,0.14462,0.43,1.4611135,3.4011897000000006,0.0,0.89,1.81,3.44,3.98,0.0,2.0,13.0,16.0,17.0,0.0,5.211664,5.9993018,13.618054,17.42282,0.0,6.0,4.0,2.0,2.0,0.0
SbNbON2,4,0.7319,1.7396,-8.579225126,3.5444934855182,6.26236132,0.851,-22.561782,-38.993194,-7.798638800000001,51.0,41.0,8.0,7.0,0.0,18.4,10.8,14.0,17.3,0.0,140.0,0.0,65.0,65.0,0.0,1.046,0.917406,1.4611135,-1.4,0.0,2.05,1.6,3.44,3.04,0.0,15.0,5.0,16.0,15.0,0.0,8.608389,6.75885,13.618054,14.53413,0.0,5.0,5.0,2.0,2.0,0.0
SbScO2S,4,1.7183,2.5462,-7.064029698,3.76969013029527,4.570513636,2.07,-17.747224,-32.175131,-6.4350262,51.0,21.0,8.0,16.0,0.0,18.4,15.0,14.0,15.5,0.0,140.0,0.0,65.0,102.0,0.0,1.046,0.188,1.4611135,2.07710403,0.0,2.05,1.36,3.44,2.58,0.0,15.0,3.0,16.0,16.0,0.0,8.608389,6.56149,13.618054,10.36001,0.0,5.0,4.0,2.0,3.0,0.0
SbSiO2N,4,2.4621,3.7898,-7.548637996,5.54910870760566,5.308707205,2.445,-14.890345000000002,-33.970112,-6.7940224,51.0,14.0,8.0,7.0,0.0,18.4,12.1,14.0,17.3,0.0,140.0,117.0,65.0,65.0,0.0,1.046,1.3895211,1.4611135,-1.4,0.0,2.05,1.9,3.44,3.04,0.0,15.0,14.0,16.0,15.0,0.0,8.608389,8.151683,13.618054,14.53413,0.0,5.0,3.0,2.0,2.0,0.0
SbTaON2,4,1.1918,2.0899,-8.692346036,4.03292514293016,8.472359268,1.181,-22.844791,-39.492695999999995,-7.898539199999999,51.0,73.0,8.0,7.0,0.0,18.4,10.9,14.0,17.3,0.0,140.0,0.0,65.0,65.0,0.0,1.046,0.322,1.4611135,-1.4,0.0,2.05,1.5,3.44,3.04,0.0,15.0,5.0,16.0,15.0,0.0,8.608389,7.54957,13.618054,14.53413,0.0,5.0,6.0,2.0,2.0,0.0
SbTiO2N,4,1.2663,2.2353,-8.00472873,3.55110085976228,5.661357474,1.206,-15.416445000000001,-36.155032,-7.2310064,51.0,22.0,8.0,7.0,0.0,18.4,10.6,14.0,17.3,0.0,140.0,140.0,65.0,65.0,0.0,1.046,0.079,1.4611135,-1.4,0.0,2.05,1.54,3.44,3.04,0.0,15.0,4.0,16.0,15.0,0.0,8.608389,6.82812,13.618054,14.53413,0.0,5.0,4.0,2.0,2.0,0.0
ScGaO2S,4,2.0852,3.3767,-7.141624136,3.57112201877646,4.306381724,1.8230000000000002,-0.6532916999999999,-32.178169,-6.4356338,21.0,31.0,8.0,16.0,0.0,15.0,11.8,14.0,15.5,0.0,0.0,0.0,65.0,102.0,0.0,0.188,0.43,1.4611135,2.07710403,0.0,1.36,1.81,3.44,2.58,0.0,3.0,13.0,16.0,16.0,0.0,6.56149,5.9993018,13.618054,10.36001,0.0,4.0,4.0,2.0,3.0,0.0
SnBO2F,4,2.5483,3.6303,-7.049361964,3.40033850152333,4.840566939,1.28,64.998537,-31.906105999999994,-6.381221199999999,50.0,5.0,8.0,9.0,0.0,16.3,4.6,14.0,17.1,0.0,140.0,0.0,65.0,67.0,0.0,1.112067,0.279723,1.4611135,3.4011897000000006,0.0,1.96,2.04,3.44,3.98,0.0,14.0,13.0,16.0,17.0,0.0,7.343917,8.298019,13.618054,17.42282,0.0,5.0,2.0,2.0,2.0,0.0
SnLaO2F,4,2.4976,3.5828,-7.229491084,4.56157387095914,5.86998374,1.5759999999999998,-10.346782000000001,-34.041162,-6.8082324,50.0,57.0,8.0,9.0,0.0,16.3,22.5,14.0,17.1,0.0,140.0,0.0,65.0,67.0,0.0,1.112067,0.47,1.4611135,3.4011897000000006,0.0,1.96,1.1,3.44,3.98,0.0,14.0,3.0,16.0,17.0,0.0,7.343917,5.5769,13.618054,17.42282,0.0,5.0,6.0,2.0,2.0,0.0
SnHfO2S,4,1.2079,1.9563,-7.729479922,3.82665307083572,7.197479592,1.504,-18.282749,-35.092606,-7.0185212,50.0,72.0,8.0,16.0,0.0,16.3,13.6,14.0,15.5,0.0,140.0,0.0,65.0,102.0,0.0,1.112067,0.013999999999999999,1.4611135,2.07710403,0.0,1.96,1.3,3.44,2.58,0.0,14.0,4.0,16.0,16.0,0.0,7.343917,6.82507,13.618054,10.36001,0.0,5.0,6.0,2.0,3.0,0.0
YAlO2S,4,3.4353,4.7973,-7.836928724,3.68484590306613,4.258909431,3.2969999999999997,-20.923433,-35.773291,-7.1546582,39.0,13.0,8.0,16.0,0.0,19.8,10.0,14.0,15.5,0.0,0.0,135.0,65.0,102.0,0.0,0.307,0.43283,1.4611135,2.07710403,0.0,1.22,1.61,3.44,2.58,0.0,3.0,13.0,16.0,16.0,0.0,6.21726,5.9857684,13.618054,10.36001,0.0,5.0,3.0,2.0,3.0,0.0
AlZrO2F,4,0.6614,1.2113,-7.667116888,4.09639109482865,4.628958215,0.374,-18.782563,-34.835957,-6.9671914,13.0,40.0,8.0,9.0,0.0,10.0,14.1,14.0,17.1,0.0,135.0,0.0,65.0,67.0,0.0,0.43283,0.426,1.4611135,3.4011897000000006,0.0,1.61,1.33,3.44,3.98,0.0,13.0,4.0,16.0,17.0,0.0,5.9857684,6.6339,13.618054,17.42282,0.0,3.0,5.0,2.0,2.0,0.0
YGeO2N,4,1.4577,2.8813,-7.93339451,3.95829412732099,5.913979,1.052,-15.489234,-35.65665,-7.13133,39.0,32.0,8.0,7.0,0.0,19.8,13.6,14.0,17.3,0.0,0.0,0.0,65.0,65.0,0.0,0.307,1.232712,1.4611135,-1.4,0.0,1.22,2.01,3.44,3.04,0.0,3.0,14.0,16.0,15.0,0.0,6.21726,7.899435,13.618054,14.53413,0.0,5.0,4.0,2.0,2.0,0.0
YScO2S,4,3.0708,4.3589,-8.29516266,3.92224526431916,4.041352596,3.141,-21.492889,-38.260771000000005,-7.652154200000001,39.0,21.0,8.0,16.0,0.0,19.8,15.0,14.0,15.5,0.0,0.0,0.0,65.0,102.0,0.0,0.307,0.188,1.4611135,2.07710403,0.0,1.22,1.36,3.44,2.58,0.0,3.0,3.0,16.0,16.0,0.0,6.21726,6.56149,13.618054,10.36001,0.0,5.0,4.0,2.0,3.0,0.0
YSiO2N,4,1.4154,2.7944,-8.664658992,3.77593268262391,5.863366458,1.329,-13.45367,-38.969150000000006,-7.793830000000002,39.0,14.0,8.0,7.0,0.0,19.8,12.1,14.0,17.3,0.0,0.0,117.0,65.0,65.0,0.0,0.307,1.3895211,1.4611135,-1.4,0.0,1.22,1.9,3.44,3.04,0.0,3.0,14.0,16.0,15.0,0.0,6.21726,8.151683,13.618054,14.53413,0.0,5.0,3.0,2.0,2.0,0.0
YSnO2N,4,1.2805,2.5578,-7.661407374,4.0690319960061,6.229786866,1.001,-19.447632000000002,-34.544107999999994,-6.908821599999999,39.0,50.0,8.0,7.0,0.0,19.8,16.3,14.0,17.3,0.0,0.0,140.0,65.0,65.0,0.0,0.307,1.112067,1.4611135,-1.4,0.0,1.22,1.96,3.44,3.04,0.0,3.0,14.0,16.0,15.0,0.0,6.21726,7.343917,13.618054,14.53413,0.0,5.0,5.0,2.0,2.0,0.0
TiSnON2,4,0.8159,1.9807,-7.939180808,3.93593796886223,4.555468036,0.871,-20.249323999999998,-36.234244000000004,-7.2468488,22.0,50.0,8.0,7.0,0.0,10.6,16.3,14.0,17.3,0.0,140.0,140.0,65.0,65.0,0.0,0.079,1.112067,1.4611135,-1.4,0.0,1.54,1.96,3.44,3.04,0.0,4.0,14.0,16.0,15.0,0.0,6.82812,7.343917,13.618054,14.53413,0.0,4.0,5.0,2.0,2.0,0.0
YTaON2,4,0.7528,1.7517,-9.732744652,3.77785782083187,8.058182598,0.33399999999999996,-25.355894,-44.586560999999996,-8.9173122,39.0,73.0,8.0,7.0,0.0,19.8,10.9,14.0,17.3,0.0,0.0,0.0,65.0,65.0,0.0,0.307,0.322,1.4611135,-1.4,0.0,1.22,1.5,3.44,3.04,0.0,3.0,5.0,16.0,15.0,0.0,6.21726,7.54957,13.618054,14.53413,0.0,5.0,6.0,2.0,2.0,0.0
YTlO2S,4,0.4667,1.5402,-6.476184806,4.35258559996124,6.49343943,0.011000000000000001,-22.842342000000002,-39.283463000000005,-7.856692600000001,39.0,81.0,8.0,16.0,0.0,19.8,17.2,14.0,15.5,0.0,0.0,190.0,65.0,102.0,0.0,0.307,0.377,1.4611135,2.07710403,0.0,1.22,1.8,3.44,2.58,0.0,3.0,13.0,16.0,16.0,0.0,6.21726,6.108287,13.618054,10.36001,0.0,5.0,6.0,2.0,3.0,0.0
ZnAlO2F,4,1.0806,2.7706,-6.258420178,3.94791484862806,4.524223478,0.036000000000000004,-13.458720000000001,-27.681141,-5.5362282,30.0,13.0,8.0,9.0,0.0,9.2,10.0,14.0,17.1,0.0,132.0,135.0,65.0,67.0,0.0,0.0,0.43283,1.4611135,3.4011897000000006,0.0,1.65,1.61,3.44,3.98,0.0,12.0,13.0,16.0,17.0,0.0,9.394199,5.9857684,13.618054,17.42282,0.0,4.0,3.0,2.0,2.0,0.0
AlTaON2,4,1.1669,2.4179,-8.870268302,4.00426413461308,6.205898642,1.7369999999999999,-23.435798000000002,-40.686667,-8.1373334,13.0,73.0,8.0,7.0,0.0,10.0,10.9,14.0,17.3,0.0,135.0,0.0,65.0,65.0,0.0,0.43283,0.322,1.4611135,-1.4,0.0,1.61,1.5,3.44,3.04,0.0,13.0,5.0,16.0,15.0,0.0,5.9857684,7.54957,13.618054,14.53413,0.0,3.0,6.0,2.0,2.0,0.0
AlBeO2F,4,2.6831,4.3591,-7.000501224,3.95144908434672,2.894804415,2.947,-17.875541000000002,-31.770368000000005,-6.354073600000001,13.0,4.0,8.0,9.0,0.0,10.0,5.0,14.0,17.1,0.0,135.0,114.99999999999999,65.0,67.0,0.0,0.43283,-2.4,1.4611135,3.4011897000000006,0.0,1.61,1.57,3.44,3.98,0.0,13.0,2.0,16.0,17.0,0.0,5.9857684,9.322699,13.618054,17.42282,0.0,3.0,2.0,2.0,2.0,0.0
ZrHfON2,4,1.64,2.8155,-10.00525122,4.15738847951337,6.229408802,2.003,-26.865942999999998,-46.550382000000006,-9.310076400000002,40.0,72.0,8.0,7.0,0.0,14.1,13.6,14.0,17.3,0.0,0.0,0.0,65.0,65.0,0.0,0.426,0.013999999999999999,1.4611135,-1.4,0.0,1.33,1.3,3.44,3.04,0.0,4.0,4.0,16.0,15.0,0.0,6.6339,6.82507,13.618054,14.53413,0.0,5.0,6.0,2.0,2.0,0.0
ZrSiON2,4,1.5711,2.8446,-9.12752199,3.94054768020328,5.404713412,1.551,-21.543959,-41.49889,-8.299778,40.0,14.0,8.0,7.0,0.0,14.1,12.1,14.0,17.3,0.0,0.0,117.0,65.0,65.0,0.0,0.426,1.3895211,1.4611135,-1.4,0.0,1.33,1.9,3.44,3.04,0.0,4.0,14.0,16.0,15.0,0.0,6.6339,8.151683,13.618054,14.53413,0.0,5.0,3.0,2.0,2.0,0.0
YTiO2N,4,2.0388,3.5466,-9.151819364,3.77465815855252,4.990774307,2.116,-20.483546,-41.805905,-8.361181,39.0,22.0,8.0,7.0,0.0,19.8,10.6,14.0,17.3,0.0,0.0,140.0,65.0,65.0,0.0,0.307,0.079,1.4611135,-1.4,0.0,1.22,1.54,3.44,3.04,0.0,3.0,4.0,16.0,15.0,0.0,6.21726,6.82812,13.618054,14.53413,0.0,5.0,4.0,2.0,2.0,0.0
TiLiO2N,4,,0.0233,-7.05365108,4.21887040716347,3.798418283,0.015,-13.458720000000001,-31.608179,-6.3216358,22.0,3.0,8.0,7.0,0.0,10.6,13.1,14.0,17.3,0.0,140.0,150.0,65.0,65.0,0.0,0.079,0.618049,1.4611135,-1.4,0.0,1.54,0.98,3.44,3.04,0.0,4.0,1.0,16.0,15.0,0.0,6.82812,5.391714761,13.618054,14.53413,0.0,4.0,2.0,2.0,2.0,0.0
TiBO2N,4,1.4658,2.8503,-9.035368022,4.38302869432963,3.606897413,1.147,61.978483,-41.126288,-8.2252576,22.0,5.0,8.0,7.0,0.0,10.6,4.6,14.0,17.3,0.0,140.0,0.0,65.0,65.0,0.0,0.079,0.279723,1.4611135,-1.4,0.0,1.54,2.04,3.44,3.04,0.0,4.0,13.0,16.0,15.0,0.0,6.82812,8.298019,13.618054,14.53413,0.0,4.0,2.0,2.0,2.0,0.0
TeWON2,4,,0.0502,-8.126664802,4.0210918072167,8.865682621,0.034,-19.578438000000002,-36.204544000000006,-7.2409088000000015,52.0,74.0,8.0,7.0,0.0,20.5,9.53,14.0,17.3,0.0,133.0,0.0,65.0,65.0,0.0,1.9708759999999999,0.81626,1.4611135,-1.4,0.0,2.1,1.7,3.44,3.04,0.0,16.0,6.0,16.0,15.0,0.0,9.00966,7.86403,13.618054,14.53413,0.0,5.0,6.0,2.0,2.0,0.0
SnInO2F,4,1.5915,2.5211,-5.887022392,3.95269989962041,6.434952329,1.565,-14.443967,-26.101649000000002,-5.2203298,50.0,49.0,8.0,9.0,0.0,16.3,15.7,14.0,17.1,0.0,140.0,0.0,65.0,67.0,0.0,1.112067,0.3,1.4611135,3.4011897000000006,0.0,1.96,1.78,3.44,3.98,0.0,14.0,13.0,16.0,17.0,0.0,7.343917,5.7863552,13.618054,17.42282,0.0,5.0,5.0,2.0,2.0,0.0
SnScO2F,4,2.0719,3.0614,-7.29859355,4.48279109770098,5.255724683,1.455,-20.10023,-33.302904000000005,-6.660580800000001,50.0,21.0,8.0,9.0,0.0,16.3,15.0,14.0,17.1,0.0,140.0,0.0,65.0,67.0,0.0,1.112067,0.188,1.4611135,3.4011897000000006,0.0,1.96,1.36,3.44,3.98,0.0,14.0,3.0,16.0,17.0,0.0,7.343917,6.56149,13.618054,17.42282,0.0,5.0,4.0,2.0,2.0,0.0
SnTaO2N,4,0.7772,1.5082,-8.62593499,3.71744682079898,8.85488113,1.023,-13.78945,-39.05235,-7.81047,50.0,73.0,8.0,7.0,0.0,16.3,10.9,14.0,17.3,0.0,140.0,0.0,65.0,65.0,0.0,1.112067,0.322,1.4611135,-1.4,0.0,1.96,1.5,3.44,3.04,0.0,14.0,5.0,16.0,15.0,0.0,7.343917,7.54957,13.618054,14.53413,0.0,5.0,6.0,2.0,2.0,0.0
AsNbON2,4,1.1983,2.155,-8.606850432,3.62562063179849,5.303205303,0.7390000000000001,-20.185089,-39.121122,-7.8242244,33.0,41.0,8.0,7.0,0.0,13.1,10.8,14.0,17.3,0.0,126.0,0.0,65.0,65.0,0.0,0.804,0.917406,1.4611135,-1.4,0.0,2.18,1.6,3.44,3.04,0.0,15.0,5.0,16.0,15.0,0.0,9.789,6.75885,13.618054,14.53413,0.0,4.0,5.0,2.0,2.0,0.0
SrBO2F,4,5.0241,6.8649,-7.477225776,3.82323920918449,4.203815153,3.622,62.643287,-34.140406,-6.8280812,38.0,5.0,8.0,9.0,0.0,33.7,4.6,14.0,17.1,0.0,195.0,0.0,65.0,67.0,0.0,0.048,0.279723,1.4611135,3.4011897000000006,0.0,0.95,2.04,3.44,3.98,0.0,2.0,13.0,16.0,17.0,0.0,5.6948672,8.298019,13.618054,17.42282,0.0,5.0,2.0,2.0,2.0,0.0
SrBiO2F,4,2.0602,3.0216,-6.112215566,3.78164905920226,6.592088174,1.911,-9.943532000000001,-27.840146999999998,-5.5680293999999995,38.0,83.0,8.0,9.0,0.0,33.7,21.3,14.0,17.1,0.0,195.0,148.0,65.0,67.0,0.0,0.048,0.942362,1.4611135,3.4011897000000006,0.0,0.95,1.9,3.44,3.98,0.0,2.0,15.0,16.0,17.0,0.0,5.6948672,7.285516,13.618054,17.42282,0.0,5.0,6.0,2.0,2.0,0.0
SrGaO2F,4,1.9059,3.7028,-6.446020556,3.90202228451569,5.977778931,1.248,-0.984562,-28.562100999999995,-5.712420199999999,38.0,31.0,8.0,9.0,0.0,33.7,11.8,14.0,17.1,0.0,195.0,0.0,65.0,67.0,0.0,0.048,0.43,1.4611135,3.4011897000000006,0.0,0.95,1.81,3.44,3.98,0.0,2.0,13.0,16.0,17.0,0.0,5.6948672,5.9993018,13.618054,17.42282,0.0,5.0,4.0,2.0,2.0,0.0
SrNbO2N,4,0.7204,2.1573,-8.861935802,3.46541890270146,5.726342616,2.178,-21.783265,-40.480825,-8.096165000000001,38.0,41.0,8.0,7.0,0.0,33.7,10.8,14.0,17.3,0.0,195.0,0.0,65.0,65.0,0.0,0.048,0.917406,1.4611135,-1.4,0.0,0.95,1.6,3.44,3.04,0.0,2.0,5.0,16.0,15.0,0.0,5.6948672,6.75885,13.618054,14.53413,0.0,5.0,5.0,2.0,2.0,0.0
AsGeO2N,4,2.028,3.5937,-6.86177815,3.5542102641409,5.010200588,1.69,-14.237882999999998,-30.541409,-6.1082818,33.0,32.0,8.0,7.0,0.0,13.1,13.6,14.0,17.3,0.0,126.0,0.0,65.0,65.0,0.0,0.804,1.232712,1.4611135,-1.4,0.0,2.18,2.01,3.44,3.04,0.0,15.0,14.0,16.0,15.0,0.0,9.789,7.899435,13.618054,14.53413,0.0,4.0,4.0,2.0,2.0,0.0
SrTaO2N,4,0.6952,2.074,-8.990668376,3.36015630063949,8.072603358,0.642,-20.896542999999998,-41.001141,-8.2002282,38.0,73.0,8.0,7.0,0.0,33.7,10.9,14.0,17.3,0.0,195.0,0.0,65.0,65.0,0.0,0.048,0.322,1.4611135,-1.4,0.0,0.95,1.5,3.44,3.04,0.0,2.0,5.0,16.0,15.0,0.0,5.6948672,7.54957,13.618054,14.53413,0.0,5.0,6.0,2.0,2.0,0.0
TaAlON2,4,1.347,2.5007,-9.278460944,5.38201996312201,6.098131248,1.3519999999999999,-24.834854,-42.725115,-8.545023,73.0,13.0,8.0,7.0,0.0,10.9,10.0,14.0,17.3,0.0,0.0,135.0,65.0,65.0,0.0,0.322,0.43283,1.4611135,-1.4,0.0,1.5,1.61,3.44,3.04,0.0,5.0,13.0,16.0,15.0,0.0,7.54957,5.9857684,13.618054,14.53413,0.0,6.0,3.0,2.0,2.0,0.0
TaBeO2N,4,1.0935,2.5772,-8.797665874,4.10860990496239,9.006793945,1.058,-22.348642,-39.610035,-7.922007000000001,73.0,4.0,8.0,7.0,0.0,10.9,5.0,14.0,17.3,0.0,0.0,114.99999999999999,65.0,65.0,0.0,0.322,-2.4,1.4611135,-1.4,0.0,1.5,1.57,3.44,3.04,0.0,5.0,2.0,16.0,15.0,0.0,7.54957,9.322699,13.618054,14.53413,0.0,6.0,2.0,2.0,2.0,0.0
TeBO2N,4,1.9877,2.9724,-7.1712567,4.34685378501827,5.396574158,0.65,70.126863,-31.986853000000004,-6.3973706,52.0,5.0,8.0,7.0,0.0,20.5,4.6,14.0,17.3,0.0,133.0,0.0,65.0,65.0,0.0,1.9708759999999999,0.279723,1.4611135,-1.4,0.0,2.1,2.04,3.44,3.04,0.0,16.0,13.0,16.0,15.0,0.0,9.00966,8.298019,13.618054,14.53413,0.0,5.0,2.0,2.0,2.0,0.0
TeGeON2,4,,0.5412,-6.549987306,4.56734945886376,6.657818091,0.02,-16.248498,-28.673378,-5.7346756,52.0,32.0,8.0,7.0,0.0,20.5,13.6,14.0,17.3,0.0,133.0,0.0,65.0,65.0,0.0,1.9708759999999999,1.232712,1.4611135,-1.4,0.0,2.1,2.01,3.44,3.04,0.0,16.0,14.0,16.0,15.0,0.0,9.00966,7.899435,13.618054,14.53413,0.0,5.0,4.0,2.0,2.0,0.0
TeSiON2,4,,0.5477,-7.244548992,4.17233307927353,6.035461543,0.41,-16.374845,-32.107791,-6.4215582,52.0,14.0,8.0,7.0,0.0,20.5,12.1,14.0,17.3,0.0,133.0,117.0,65.0,65.0,0.0,1.9708759999999999,1.3895211,1.4611135,-1.4,0.0,2.1,1.9,3.44,3.04,0.0,16.0,14.0,16.0,15.0,0.0,9.00966,8.151683,13.618054,14.53413,0.0,5.0,3.0,2.0,2.0,0.0
SnGaO2F,4,1.7482,3.0703,-6.150292588,4.06005465090744,6.285559572,1.8869999999999998,-0.5629852,-27.210191000000002,-5.442038200000001,50.0,31.0,8.0,9.0,0.0,16.3,11.8,14.0,17.1,0.0,140.0,0.0,65.0,67.0,0.0,1.112067,0.43,1.4611135,3.4011897000000006,0.0,1.96,1.81,3.44,3.98,0.0,14.0,13.0,16.0,17.0,0.0,7.343917,5.9993018,13.618054,17.42282,0.0,5.0,4.0,2.0,2.0,0.0
PbVO2N,4,,0.5227,-8.02736257,3.54194782665865,8.312394763,0.054000000000000006,-20.534844,-35.832535,-7.166507,82.0,23.0,8.0,7.0,0.0,18.3,8.35,14.0,17.3,0.0,0.0,0.0,65.0,65.0,0.0,0.35674316,0.525,1.4611135,-1.4,0.0,1.8,1.63,3.44,3.04,0.0,14.0,5.0,16.0,15.0,0.0,7.4166796,6.746187,13.618054,14.53413,0.0,6.0,4.0,2.0,2.0,0.0
RbNbO2S,4,0.9548,1.8718,-7.31182665,3.62192351251574,4.783667259,1.953,-12.385580000000001,-33.590467000000004,-6.718093400000001,37.0,41.0,8.0,16.0,0.0,55.9,10.8,14.0,15.5,0.0,225.0,0.0,65.0,102.0,0.0,0.48591999999999996,0.917406,1.4611135,2.07710403,0.0,0.82,1.6,3.44,2.58,0.0,1.0,5.0,16.0,16.0,0.0,4.177128,6.75885,13.618054,10.36001,0.0,5.0,5.0,2.0,3.0,0.0
ZrTiON2,4,0.8104,1.9036,-9.643456314,3.56865150761206,4.021347091,1.276,-25.543858,-44.787186000000005,-8.957437200000001,40.0,22.0,8.0,7.0,0.0,14.1,10.6,14.0,17.3,0.0,0.0,140.0,65.0,65.0,0.0,0.426,0.079,1.4611135,-1.4,0.0,1.33,1.54,3.44,3.04,0.0,4.0,4.0,16.0,15.0,0.0,6.6339,6.82812,13.618054,14.53413,0.0,5.0,4.0,2.0,2.0,0.0
LaAlO2S,4,2.8444,4.2098,-7.778569876,3.52881009324546,5.019890344,2.7430000000000003,-16.643936,-36.50154800000001,-7.300309600000001,57.0,13.0,8.0,16.0,0.0,22.5,10.0,14.0,15.5,0.0,0.0,135.0,65.0,102.0,0.0,0.47,0.43283,1.4611135,2.07710403,0.0,1.1,1.61,3.44,2.58,0.0,3.0,13.0,16.0,16.0,0.0,5.5769,5.9857684,13.618054,10.36001,0.0,6.0,3.0,2.0,3.0,0.0
CdHfO2S,4,1.6447,2.734,-7.086049802,5.74590084704868,7.223148936,2.005,-15.983273,-31.893741000000002,-6.3787482,48.0,72.0,8.0,16.0,0.0,13.1,13.6,14.0,15.5,0.0,160.0,0.0,65.0,102.0,0.0,0.0,0.013999999999999999,1.4611135,2.07710403,0.0,1.69,1.3,3.44,2.58,0.0,12.0,4.0,16.0,16.0,0.0,8.993822,6.82507,13.618054,10.36001,0.0,5.0,6.0,2.0,3.0,0.0
KSiO2F,4,1.5022,3.399,-6.612438014,4.66342899910833,3.61658353,0.872,-15.235947,-29.675993,-5.9351986,19.0,14.0,8.0,9.0,0.0,45.3,12.1,14.0,17.1,0.0,206.99999999999997,117.0,65.0,67.0,0.0,0.50147,1.3895211,1.4611135,3.4011897000000006,0.0,0.82,1.9,3.44,3.98,0.0,1.0,14.0,16.0,17.0,0.0,4.34066354,8.151683,13.618054,17.42282,0.0,4.0,3.0,2.0,2.0,0.0
InTeO2F,4,1.1866,1.9828,-5.235275072,3.5918995314295,6.5748843,1.411,-11.163383999999999,-22.747182,-4.549436399999999,49.0,52.0,8.0,9.0,0.0,15.7,20.5,14.0,17.1,0.0,0.0,133.0,65.0,67.0,0.0,0.3,1.9708759999999999,1.4611135,3.4011897000000006,0.0,1.78,2.1,3.44,3.98,0.0,13.0,16.0,16.0,17.0,0.0,5.7863552,9.00966,13.618054,17.42282,0.0,5.0,5.0,2.0,2.0,0.0
InReON2,4,,0.0263,-8.046128714,3.74519771156671,8.805733814,0.005,-16.693009,-35.512787,-7.1025574,49.0,75.0,8.0,7.0,0.0,15.7,8.85,14.0,17.3,0.0,0.0,0.0,65.0,65.0,0.0,0.3,0.15,1.4611135,-1.4,0.0,1.78,1.9,3.44,3.04,0.0,13.0,7.0,16.0,15.0,0.0,5.7863552,7.83352,13.618054,14.53413,0.0,5.0,6.0,2.0,2.0,0.0
BiGeO2N,4,0.6951,1.9695,-6.762181172,3.85925251116684,8.76284725,0.624,-10.346782000000001,-29.841991,-5.9683982,83.0,32.0,8.0,7.0,0.0,21.3,13.6,14.0,17.3,0.0,148.0,0.0,65.0,65.0,0.0,0.942362,1.232712,1.4611135,-1.4,0.0,1.9,2.01,3.44,3.04,0.0,15.0,14.0,16.0,15.0,0.0,7.285516,7.899435,13.618054,14.53413,0.0,6.0,4.0,2.0,2.0,0.0
HfZrON2,4,1.6385,2.8139,-10.00785949,4.57691887856497,6.222617188,2.003,-28.925458000000003,-46.550426,-9.3100852,72.0,40.0,8.0,7.0,0.0,13.6,14.1,14.0,17.3,0.0,0.0,0.0,65.0,65.0,0.0,0.013999999999999999,0.426,1.4611135,-1.4,0.0,1.3,1.33,3.44,3.04,0.0,4.0,4.0,16.0,15.0,0.0,6.82507,6.6339,13.618054,14.53413,0.0,6.0,5.0,2.0,2.0,0.0
HfTiON2,4,0.8132,1.9264,-9.815401372,4.69095574846901,5.973006805,1.3030000000000002,-24.158943,-45.320057,-9.0640114,72.0,22.0,8.0,7.0,0.0,13.6,10.6,14.0,17.3,0.0,0.0,140.0,65.0,65.0,0.0,0.013999999999999999,0.079,1.4611135,-1.4,0.0,1.3,1.54,3.44,3.04,0.0,4.0,4.0,16.0,15.0,0.0,6.82507,6.82812,13.618054,14.53413,0.0,6.0,4.0,2.0,2.0,0.0
HfSnON2,4,1.1,2.0698,-8.301077078,3.4468771576494,6.799606411,0.69,-20.432804,-38.032294,-7.6064588,72.0,50.0,8.0,7.0,0.0,13.6,16.3,14.0,17.3,0.0,0.0,140.0,65.0,65.0,0.0,0.013999999999999999,1.112067,1.4611135,-1.4,0.0,1.3,1.96,3.44,3.04,0.0,4.0,14.0,16.0,15.0,0.0,6.82507,7.343917,13.618054,14.53413,0.0,6.0,5.0,2.0,2.0,0.0
HfMgO2S,4,2.5983,3.6801,-7.76940337,3.41494673551567,6.226747403,2.6260000000000003,-21.548873,-35.311923,-7.0623846,72.0,12.0,8.0,16.0,0.0,13.6,14.0,14.0,15.5,0.0,0.0,142.0,65.0,102.0,0.0,0.013999999999999999,0.0,1.4611135,2.07710403,0.0,1.3,1.31,3.44,2.58,0.0,4.0,2.0,16.0,16.0,0.0,6.82507,7.646235,13.618054,10.36001,0.0,6.0,3.0,2.0,3.0,0.0
PbTaO2N,4,1.3199,2.0872,-8.62144332,5.38107325418261,11.04914672,1.395,-21.568920000000002,-38.995375,-7.799075,82.0,73.0,8.0,7.0,0.0,18.3,10.9,14.0,17.3,0.0,0.0,0.0,65.0,65.0,0.0,0.35674316,0.322,1.4611135,-1.4,0.0,1.8,1.5,3.44,3.04,0.0,14.0,5.0,16.0,15.0,0.0,7.4166796,7.54957,13.618054,14.53413,0.0,6.0,6.0,2.0,2.0,0.0
CaSnO2S,4,0.7975,1.9259,-6.402446922,4.15249690555958,4.525531735,0.516,-13.643320999999998,-28.800787,-5.7601574,20.0,50.0,8.0,16.0,0.0,29.9,16.3,14.0,15.5,0.0,170.0,140.0,65.0,102.0,0.0,0.02455,1.112067,1.4611135,2.07710403,0.0,1.0,1.96,3.44,2.58,0.0,2.0,14.0,16.0,16.0,0.0,6.1131552,7.343917,13.618054,10.36001,0.0,4.0,5.0,2.0,3.0,0.0
BeHfO2S,4,2.8158,4.0106,-8.115872734,5.02271675571033,7.067304689,2.972,-20.239418,-36.717079000000005,-7.343415800000001,4.0,72.0,8.0,16.0,0.0,5.0,13.6,14.0,15.5,0.0,114.99999999999999,0.0,65.0,102.0,0.0,-2.4,0.013999999999999999,1.4611135,2.07710403,0.0,1.57,1.3,3.44,2.58,0.0,2.0,4.0,16.0,16.0,0.0,9.322699,6.82507,13.618054,10.36001,0.0,2.0,6.0,2.0,3.0,0.0
HfAlO2N,4,2.4523,3.7278,-8.958221666,3.68817019748939,8.131131729,2.498,-21.674298,-40.556406,-8.1112812,72.0,13.0,8.0,7.0,0.0,13.6,10.0,14.0,17.3,0.0,0.0,135.0,65.0,65.0,0.0,0.013999999999999999,0.43283,1.4611135,-1.4,0.0,1.3,1.61,3.44,3.04,0.0,4.0,13.0,16.0,15.0,0.0,6.82507,5.9857684,13.618054,14.53413,0.0,6.0,3.0,2.0,2.0,0.0
BiAlO2S,4,1.9214,2.8489,-6.59502559,3.73768154900934,6.782769007,2.2159999999999997,-18.346711,-29.556292,-5.9112583999999995,83.0,13.0,8.0,16.0,0.0,21.3,10.0,14.0,15.5,0.0,148.0,135.0,65.0,102.0,0.0,0.942362,0.43283,1.4611135,2.07710403,0.0,1.9,1.61,3.44,2.58,0.0,15.0,13.0,16.0,16.0,0.0,7.285516,5.9857684,13.618054,10.36001,0.0,6.0,3.0,2.0,3.0,0.0
GeSiO2S,4,,0.7892,-6.688100326,3.76694187363566,4.421813901,0.358,-12.452338000000001,-29.742668000000002,-5.9485336,32.0,14.0,8.0,16.0,0.0,13.6,12.1,14.0,15.5,0.0,0.0,117.0,65.0,102.0,0.0,1.232712,1.3895211,1.4611135,2.07710403,0.0,2.01,1.9,3.44,2.58,0.0,14.0,14.0,16.0,16.0,0.0,7.899435,8.151683,13.618054,10.36001,0.0,4.0,3.0,2.0,3.0,0.0
BiBO2S,4,1.5397,2.4385,-6.809391696,3.4034542628264,6.500920532,1.598,78.282591,-30.617724000000003,-6.1235448,83.0,5.0,8.0,16.0,0.0,21.3,4.6,14.0,15.5,0.0,148.0,0.0,65.0,102.0,0.0,0.942362,0.279723,1.4611135,2.07710403,0.0,1.9,2.04,3.44,2.58,0.0,15.0,13.0,16.0,16.0,0.0,7.285516,8.298019,13.618054,10.36001,0.0,6.0,2.0,2.0,3.0,0.0
GeInO2F,4,2.4105,3.7314,-5.910912214,4.02109088789817,5.32790715,2.088,-16.1549,-26.277958,-5.255591600000001,32.0,49.0,8.0,9.0,0.0,13.6,15.7,14.0,17.1,0.0,0.0,0.0,65.0,67.0,0.0,1.232712,0.3,1.4611135,3.4011897000000006,0.0,2.01,1.78,3.44,3.98,0.0,14.0,13.0,16.0,17.0,0.0,7.899435,5.7863552,13.618054,17.42282,0.0,4.0,5.0,2.0,2.0,0.0
GeGaO2F,4,2.2247,3.3884,-6.18941522,3.93003652257801,5.327842515,2.484,-0.9215643,-27.425657,-5.4851314,32.0,31.0,8.0,9.0,0.0,13.6,11.8,14.0,17.1,0.0,0.0,0.0,65.0,67.0,0.0,1.232712,0.43,1.4611135,3.4011897000000006,0.0,2.01,1.81,3.44,3.98,0.0,14.0,13.0,16.0,17.0,0.0,7.899435,5.9993018,13.618054,17.42282,0.0,4.0,4.0,2.0,2.0,0.0
GeBO2F,4,2.8209,4.0012,-7.075876974,3.40192853734661,3.902442279,1.315,68.175692,-32.036511000000004,-6.407302200000001,32.0,5.0,8.0,9.0,0.0,13.6,4.6,14.0,17.1,0.0,0.0,0.0,65.0,67.0,0.0,1.232712,0.279723,1.4611135,3.4011897000000006,0.0,2.01,2.04,3.44,3.98,0.0,14.0,13.0,16.0,17.0,0.0,7.899435,8.298019,13.618054,17.42282,0.0,4.0,2.0,2.0,2.0,0.0
GeAlO2F,4,2.5914,3.8167,-6.92616728,3.74073332279651,4.487024197,2.781,-15.274323,-31.212747,-6.2425494,32.0,13.0,8.0,9.0,0.0,13.6,10.0,14.0,17.1,0.0,0.0,135.0,65.0,67.0,0.0,1.232712,0.43283,1.4611135,3.4011897000000006,0.0,2.01,1.61,3.44,3.98,0.0,14.0,13.0,16.0,17.0,0.0,7.899435,5.9857684,13.618054,17.42282,0.0,4.0,3.0,2.0,2.0,0.0
GaTaO2S,4,,0.0751,-7.607418508,4.08729276209368,7.000932715,0.05,-0.8912370000000001,-34.380452,-6.8760904,31.0,73.0,8.0,16.0,0.0,11.8,10.9,14.0,15.5,0.0,0.0,0.0,65.0,102.0,0.0,0.43,0.322,1.4611135,2.07710403,0.0,1.81,1.5,3.44,2.58,0.0,13.0,5.0,16.0,16.0,0.0,5.9993018,7.54957,13.618054,10.36001,0.0,4.0,6.0,2.0,3.0,0.0
GaHfO2F,4,2.4007,3.4794,-7.68059059,3.44876149125466,7.50831776,1.946,-0.67845,-34.764068,-6.952813600000001,31.0,72.0,8.0,9.0,0.0,11.8,13.6,14.0,17.1,0.0,0.0,0.0,65.0,67.0,0.0,0.43,0.013999999999999999,1.4611135,3.4011897000000006,0.0,1.81,1.3,3.44,3.98,0.0,13.0,4.0,16.0,17.0,0.0,5.9993018,6.82507,13.618054,17.42282,0.0,4.0,6.0,2.0,2.0,0.0
BiBeO2F,4,2.8027,4.0091,-6.494421688,4.47369755139476,7.841719897,0.475,-9.32902,-29.086547,-5.8173094,83.0,4.0,8.0,9.0,0.0,21.3,5.0,14.0,17.1,0.0,148.0,114.99999999999999,65.0,67.0,0.0,0.942362,-2.4,1.4611135,3.4011897000000006,0.0,1.9,1.57,3.44,3.98,0.0,15.0,2.0,16.0,17.0,0.0,7.285516,9.322699,13.618054,17.42282,0.0,6.0,2.0,2.0,2.0,0.0
BiGaO2S,4,1.1148,2.2051,-6.021121966,4.11751676021267,7.340171699,1.2819999999999998,-14.473242,-26.565527000000003,-5.3131054,83.0,31.0,8.0,16.0,0.0,21.3,11.8,14.0,15.5,0.0,148.0,0.0,65.0,102.0,0.0,0.942362,0.43,1.4611135,2.07710403,0.0,1.9,1.81,3.44,2.58,0.0,15.0,13.0,16.0,16.0,0.0,7.285516,5.9993018,13.618054,10.36001,0.0,6.0,4.0,2.0,3.0,0.0
BiHfO2N,4,2.1537,2.9734,-8.325681506,4.72117848471183,10.14067321,2.135,-17.609344,-37.664243,-7.5328485999999995,83.0,72.0,8.0,7.0,0.0,21.3,13.6,14.0,17.3,0.0,148.0,0.0,65.0,65.0,0.0,0.942362,0.013999999999999999,1.4611135,-1.4,0.0,1.9,1.3,3.44,3.04,0.0,15.0,4.0,16.0,15.0,0.0,7.285516,6.82507,13.618054,14.53413,0.0,6.0,6.0,2.0,2.0,0.0
LaBO2S,4,2.6936,3.9394,-8.04736104,3.84629936758537,4.561203776,2.9930000000000003,75.55121899999999,-37.89390100000001,-7.5787802000000015,57.0,5.0,8.0,16.0,0.0,22.5,4.6,14.0,15.5,0.0,0.0,0.0,65.0,102.0,0.0,0.47,0.279723,1.4611135,2.07710403,0.0,1.1,2.04,3.44,2.58,0.0,3.0,13.0,16.0,16.0,0.0,5.5769,8.298019,13.618054,10.36001,0.0,6.0,2.0,2.0,3.0,0.0
KSnO2F,4,0.1151,1.7414,-5.758499266,3.94853266507576,5.202612286,0.054000000000000006,-8.563889999999999,-25.63848,-5.127696,19.0,50.0,8.0,9.0,0.0,45.3,16.3,14.0,17.1,0.0,206.99999999999997,140.0,65.0,67.0,0.0,0.50147,1.112067,1.4611135,3.4011897000000006,0.0,0.82,1.96,3.44,3.98,0.0,1.0,14.0,16.0,17.0,0.0,4.34066354,7.343917,13.618054,17.42282,0.0,4.0,5.0,2.0,2.0,0.0
NaTeO2F,4,2.204,3.2092,-5.226172326,3.84433205364546,4.448306662,2.208,-14.573732000000001,-23.343832,-4.6687664,11.0,52.0,8.0,9.0,0.0,23.7,20.5,14.0,17.1,0.0,177.0,133.0,65.0,67.0,0.0,0.547926,1.9708759999999999,1.4611135,3.4011897000000006,0.0,0.93,2.1,3.44,3.98,0.0,1.0,16.0,16.0,17.0,0.0,5.1390767,9.00966,13.618054,17.42282,0.0,3.0,5.0,2.0,2.0,0.0
BiTaON2,4,0.9912,1.8023,-8.641080574,3.81840063533613,10.70347778,0.027999999999999997,-20.784923000000003,-39.168192,-7.8336384,83.0,73.0,8.0,7.0,0.0,21.3,10.9,14.0,17.3,0.0,148.0,0.0,65.0,65.0,0.0,0.942362,0.322,1.4611135,-1.4,0.0,1.9,1.5,3.44,3.04,0.0,15.0,5.0,16.0,15.0,0.0,7.285516,7.54957,13.618054,14.53413,0.0,6.0,6.0,2.0,2.0,0.0
PbLaO2F,4,1.8514,2.8776,-7.145831862,3.67798004694582,7.339642384,2.106,-18.765345,-33.67108699999999,-6.734217399999999,82.0,57.0,8.0,9.0,0.0,18.3,22.5,14.0,17.1,0.0,0.0,0.0,65.0,67.0,0.0,0.35674316,0.47,1.4611135,3.4011897000000006,0.0,1.8,1.1,3.44,3.98,0.0,14.0,3.0,16.0,17.0,0.0,7.4166796,5.5769,13.618054,17.42282,0.0,6.0,6.0,2.0,2.0,0.0
PbInO2F,4,2.4768,3.5886,-5.855822644,3.96205362882559,8.241452849,1.075,-12.54298,-25.922926999999998,-5.1845854,82.0,49.0,8.0,9.0,0.0,18.3,15.7,14.0,17.1,0.0,0.0,0.0,65.0,67.0,0.0,0.35674316,0.3,1.4611135,3.4011897000000006,0.0,1.8,1.78,3.44,3.98,0.0,14.0,13.0,16.0,17.0,0.0,7.4166796,5.7863552,13.618054,17.42282,0.0,6.0,5.0,2.0,2.0,0.0
BiTiO2N,4,1.3485,2.3226,-7.965008006,3.86986778004241,7.83062522,1.588,-19.34786,-35.937298,-7.1874595999999995,83.0,22.0,8.0,7.0,0.0,21.3,10.6,14.0,17.3,0.0,148.0,140.0,65.0,65.0,0.0,0.942362,0.079,1.4611135,-1.4,0.0,1.9,1.54,3.44,3.04,0.0,15.0,4.0,16.0,15.0,0.0,7.285516,6.82812,13.618054,14.53413,0.0,6.0,4.0,2.0,2.0,0.0
PbGaO2F,4,2.3598,3.8442,-6.110321586,3.24629427345953,8.573467916,2.197,-0.3466712,-26.963216,-5.3926432,82.0,31.0,8.0,9.0,0.0,18.3,11.8,14.0,17.1,0.0,0.0,0.0,65.0,67.0,0.0,0.35674316,0.43,1.4611135,3.4011897000000006,0.0,1.8,1.81,3.44,3.98,0.0,14.0,13.0,16.0,17.0,0.0,7.4166796,5.9993018,13.618054,17.42282,0.0,6.0,4.0,2.0,2.0,0.0
BaTiO2S,4,1.8281,2.835,-7.537251532,5.75654880600151,4.973217337,2.204,-19.935959,-34.446960000000004,-6.889392000000001,56.0,22.0,8.0,16.0,0.0,39.0,10.6,14.0,15.5,0.0,210.0,140.0,65.0,102.0,0.0,0.14462,0.079,1.4611135,2.07710403,0.0,0.89,1.54,3.44,2.58,0.0,2.0,4.0,16.0,16.0,0.0,5.211664,6.82812,13.618054,10.36001,0.0,6.0,4.0,2.0,3.0,0.0
PbBO2F,4,3.0679,4.2929,-7.057167614,2.85485980472132,7.373438718,1.419,61.893462,-31.893466000000004,-6.378693200000001,82.0,5.0,8.0,9.0,0.0,18.3,4.6,14.0,17.1,0.0,0.0,0.0,65.0,67.0,0.0,0.35674316,0.279723,1.4611135,3.4011897000000006,0.0,1.8,2.04,3.44,3.98,0.0,14.0,13.0,16.0,17.0,0.0,7.4166796,8.298019,13.618054,17.42282,0.0,6.0,2.0,2.0,2.0,0.0
BiNbON2,4,0.5617,1.4716,-8.512837362,3.78653306739639,8.273291263,0.48,-20.435898,-38.634963000000006,-7.726992600000001,83.0,41.0,8.0,7.0,0.0,21.3,10.8,14.0,17.3,0.0,148.0,0.0,65.0,65.0,0.0,0.942362,0.917406,1.4611135,-1.4,0.0,1.9,1.6,3.44,3.04,0.0,15.0,5.0,16.0,15.0,0.0,7.285516,6.75885,13.618054,14.53413,0.0,6.0,5.0,2.0,2.0,0.0
BiZnO2F,4,0.8503,2.2954,-5.60161069,3.97321911690355,8.021566944,1.171,-12.984753999999999,-24.509611000000003,-4.9019222000000005,83.0,30.0,8.0,9.0,0.0,21.3,9.2,14.0,17.1,0.0,148.0,132.0,65.0,67.0,0.0,0.942362,0.0,1.4611135,3.4011897000000006,0.0,1.9,1.65,3.44,3.98,0.0,15.0,12.0,16.0,17.0,0.0,7.285516,9.394199,13.618054,17.42282,0.0,6.0,4.0,2.0,2.0,0.0
PbAlO2F,4,3.1053,4.5039,-6.800771742,4.20063412971261,7.946837426,3.034,-14.543643,-30.52171,-6.104342,82.0,13.0,8.0,9.0,0.0,18.3,10.0,14.0,17.1,0.0,0.0,135.0,65.0,67.0,0.0,0.35674316,0.43283,1.4611135,3.4011897000000006,0.0,1.8,1.61,3.44,3.98,0.0,14.0,13.0,16.0,17.0,0.0,7.4166796,5.9857684,13.618054,17.42282,0.0,6.0,3.0,2.0,2.0,0.0
NbAlON2,4,0.8688,2.02,-9.155086794,4.56933422164982,3.990375545,0.807,-22.684954,-42.152601,-8.4305202,41.0,13.0,8.0,7.0,0.0,10.8,10.0,14.0,17.3,0.0,0.0,135.0,65.0,65.0,0.0,0.917406,0.43283,1.4611135,-1.4,0.0,1.6,1.61,3.44,3.04,0.0,5.0,13.0,16.0,15.0,0.0,6.75885,5.9857684,13.618054,14.53413,0.0,5.0,3.0,2.0,2.0,0.0
PbNbO2N,4,1.0372,1.9908,-8.49059726,4.20025505009735,8.661787382,1.764,-20.093357,-38.484121,-7.6968242,82.0,41.0,8.0,7.0,0.0,18.3,10.8,14.0,17.3,0.0,0.0,0.0,65.0,65.0,0.0,0.35674316,0.917406,1.4611135,-1.4,0.0,1.8,1.6,3.44,3.04,0.0,14.0,5.0,16.0,15.0,0.0,7.4166796,6.75885,13.618054,14.53413,0.0,6.0,5.0,2.0,2.0,0.0
PbScO2F,4,2.6908,3.8162,-7.265841266,3.92223642820009,7.325413876,1.903,-17.568929999999998,-33.082199,-6.6164398,82.0,21.0,8.0,9.0,0.0,18.3,15.0,14.0,17.1,0.0,0.0,0.0,65.0,67.0,0.0,0.35674316,0.188,1.4611135,3.4011897000000006,0.0,1.8,1.36,3.44,3.98,0.0,14.0,3.0,16.0,17.0,0.0,7.4166796,6.56149,13.618054,17.42282,0.0,6.0,4.0,2.0,2.0,0.0
ZrSnON2,4,1.0735,2.0156,-8.13282377,3.60852920765653,4.988423532,0.584,-18.645035,-37.492945999999996,-7.4985892,40.0,50.0,8.0,7.0,0.0,14.1,16.3,14.0,17.3,0.0,0.0,140.0,65.0,65.0,0.0,0.426,1.112067,1.4611135,-1.4,0.0,1.33,1.96,3.44,3.04,0.0,4.0,14.0,16.0,15.0,0.0,6.6339,7.343917,13.618054,14.53413,0.0,5.0,5.0,2.0,2.0,0.0
LaZnO2F,4,2.1949,3.9819,-6.761453986,3.69428865105439,6.433397012,0.025,-10.984562,-31.221996999999998,-6.2443994,57.0,30.0,8.0,9.0,0.0,22.5,9.2,14.0,17.1,0.0,0.0,132.0,65.0,67.0,0.0,0.47,0.0,1.4611135,3.4011897000000006,0.0,1.1,1.65,3.44,3.98,0.0,3.0,12.0,16.0,17.0,0.0,5.5769,9.394199,13.618054,17.42282,0.0,6.0,4.0,2.0,2.0,0.0
LaYO2S,4,2.9995,4.2245,-8.31906023,3.93646125131644,5.026074017,3.085,-21.345308,-39.418873999999995,-7.883774799999999,57.0,39.0,8.0,16.0,0.0,22.5,19.8,14.0,15.5,0.0,0.0,0.0,65.0,102.0,0.0,0.47,0.307,1.4611135,2.07710403,0.0,1.1,1.22,3.44,2.58,0.0,3.0,3.0,16.0,16.0,0.0,5.5769,6.21726,13.618054,10.36001,0.0,6.0,5.0,2.0,3.0,0.0
LaTaON2,4,0.6088,1.5052,-9.880994084,4.100231503166,9.212373041,0.064,-23.240803,-46.123698000000005,-9.224739600000001,57.0,73.0,8.0,7.0,0.0,22.5,10.9,14.0,17.3,0.0,0.0,0.0,65.0,65.0,0.0,0.47,0.322,1.4611135,-1.4,0.0,1.1,1.5,3.44,3.04,0.0,3.0,5.0,16.0,15.0,0.0,5.5769,7.54957,13.618054,14.53413,0.0,6.0,6.0,2.0,2.0,0.0
LaSiO2N,4,1.5766,2.7988,-8.72342429,3.8330379487332,7.074895881,1.379,-10.346798,-40.141602000000006,-8.028320400000002,57.0,14.0,8.0,7.0,0.0,22.5,12.1,14.0,17.3,0.0,0.0,117.0,65.0,65.0,0.0,0.47,1.3895211,1.4611135,-1.4,0.0,1.1,1.9,3.44,3.04,0.0,3.0,14.0,16.0,15.0,0.0,5.5769,8.151683,13.618054,14.53413,0.0,6.0,3.0,2.0,2.0,0.0
PbSnO2S,4,,0.4312,-5.95882443,3.91502101272021,7.500249215,0.013999999999999999,-12.483494,-26.515462,-5.3030924,82.0,50.0,8.0,16.0,0.0,18.3,16.3,14.0,15.5,0.0,0.0,140.0,65.0,102.0,0.0,0.35674316,1.112067,1.4611135,2.07710403,0.0,1.8,1.96,3.44,2.58,0.0,14.0,14.0,16.0,16.0,0.0,7.4166796,7.343917,13.618054,10.36001,0.0,6.0,5.0,2.0,3.0,0.0
LaIrO2S,4,,0.16,-7.830257006,3.81899425210454,8.5096621,0.04,-18.628242999999998,-36.212793000000005,-7.242558600000001,57.0,77.0,8.0,16.0,0.0,22.5,8.54,14.0,15.5,0.0,0.0,0.0,65.0,102.0,0.0,0.47,1.5638,1.4611135,2.07710403,0.0,1.1,2.2,3.44,2.58,0.0,3.0,9.0,16.0,16.0,0.0,5.5769,8.96702,13.618054,10.36001,0.0,6.0,6.0,2.0,3.0,0.0
LaInO2S,4,1.7114,2.9749,-7.027185954,3.91609947225329,5.749588979,1.4880000000000002,-18.643228,-32.804358,-6.5608716000000005,57.0,49.0,8.0,16.0,0.0,22.5,15.7,14.0,15.5,0.0,0.0,0.0,65.0,102.0,0.0,0.47,0.3,1.4611135,2.07710403,0.0,1.1,1.78,3.44,2.58,0.0,3.0,13.0,16.0,16.0,0.0,5.5769,5.7863552,13.618054,10.36001,0.0,6.0,5.0,2.0,3.0,0.0
LaHfO2N,4,1.8416,3.1397,-9.541223506,3.82412215848671,8.720278052,1.984,-21.89457,-44.596908,-8.9193816,57.0,72.0,8.0,7.0,0.0,22.5,13.6,14.0,17.3,0.0,0.0,0.0,65.0,65.0,0.0,0.47,0.013999999999999999,1.4611135,-1.4,0.0,1.1,1.3,3.44,3.04,0.0,3.0,4.0,16.0,15.0,0.0,5.5769,6.82507,13.618054,14.53413,0.0,6.0,6.0,2.0,2.0,0.0
LaGeO2N,4,,0.9246,-7.980322144,5.68605671626306,7.661313369,0.061,-18.548993,-36.566821,-7.3133642,57.0,32.0,8.0,7.0,0.0,22.5,13.6,14.0,17.3,0.0,0.0,0.0,65.0,65.0,0.0,0.47,1.232712,1.4611135,-1.4,0.0,1.1,2.01,3.44,3.04,0.0,3.0,14.0,16.0,15.0,0.0,5.5769,7.899435,13.618054,14.53413,0.0,6.0,4.0,2.0,2.0,0.0
BiMgO2F,4,2.2424,3.3807,-6.195432814,3.5815480452202,7.274036784,0.40299999999999997,-9.985467,-27.849369999999997,-5.5698739999999995,83.0,12.0,8.0,9.0,0.0,21.3,14.0,14.0,17.1,0.0,148.0,142.0,65.0,67.0,0.0,0.942362,0.0,1.4611135,3.4011897000000006,0.0,1.9,1.31,3.44,3.98,0.0,15.0,2.0,16.0,17.0,0.0,7.285516,7.646235,13.618054,17.42282,0.0,6.0,3.0,2.0,2.0,0.0
LaGaO2S,4,1.2695,2.5636,-7.206673012,4.09705227270811,5.635349038,1.107,-0.939732,-33.538245,-6.707649000000001,57.0,31.0,8.0,16.0,0.0,22.5,11.8,14.0,15.5,0.0,0.0,0.0,65.0,102.0,0.0,0.47,0.43,1.4611135,2.07710403,0.0,1.1,1.81,3.44,2.58,0.0,3.0,13.0,16.0,16.0,0.0,5.5769,5.9993018,13.618054,10.36001,0.0,6.0,4.0,2.0,3.0,0.0
MgTeO2S,4,1.6202,2.5501,-5.620121676,3.60568677641021,4.465406876,2.3569999999999998,-10.754503,-25.053099999999997,-5.010619999999999,12.0,52.0,8.0,16.0,0.0,14.0,20.5,14.0,15.5,0.0,142.0,133.0,65.0,102.0,0.0,0.0,1.9708759999999999,1.4611135,2.07710403,0.0,1.31,2.1,3.44,2.58,0.0,2.0,16.0,16.0,16.0,0.0,7.646235,9.00966,13.618054,10.36001,0.0,3.0,5.0,2.0,3.0,0.0
YGaONF,5,2.1259,3.4174,-7.190479286,3.785811228034,5.756459645,1.952,-14.25435,-32.177468,-6.435493599999999,39.0,31.0,8.0,7.0,9.0,19.8,11.8,14.0,17.3,17.1,0.0,0.0,65.0,65.0,67.0,0.307,0.43,1.4611135,-1.4,3.4011897000000006,1.22,1.81,3.44,3.04,3.98,3.0,13.0,16.0,15.0,17.0,6.21726,5.9993018,13.618054,14.53413,17.42282,5.0,4.0,2.0,2.0,2.0
YGaONF,5,2.1259,3.4174,-7.190479286,3.785811228034,5.756459645,1.952,-14.25435,-32.177471,-6.435494199999999,39.0,31.0,8.0,7.0,9.0,19.8,11.8,14.0,17.3,17.1,0.0,0.0,65.0,65.0,67.0,0.307,0.43,1.4611135,-1.4,3.4011897000000006,1.22,1.81,3.44,3.04,3.98,3.0,13.0,16.0,15.0,17.0,6.21726,5.9993018,13.618054,14.53413,17.42282,5.0,4.0,2.0,2.0,2.0
BiInONF,5,1.1137,1.8582,-5.872879082,3.95176686959083,7.957033729,1.432,-11.095085000000001,-26.030864,-5.2061728,83.0,49.0,8.0,7.0,9.0,21.3,15.7,14.0,17.3,17.1,148.0,0.0,65.0,65.0,67.0,0.942362,0.3,1.4611135,-1.4,3.4011897000000006,1.9,1.78,3.44,3.04,3.98,15.0,13.0,16.0,15.0,17.0,7.285516,5.7863552,13.618054,14.53413,17.42282,6.0,5.0,2.0,2.0,2.0
BiGaONF,5,1.2964,2.2147,-6.152276416,3.69382448668779,8.163723771,1.66,-12.593759,-27.171577000000003,-5.434315400000001,83.0,31.0,8.0,7.0,9.0,21.3,11.8,14.0,17.3,17.1,148.0,0.0,65.0,65.0,67.0,0.942362,0.43,1.4611135,-1.4,3.4011897000000006,1.9,1.81,3.44,3.04,3.98,15.0,13.0,16.0,15.0,17.0,7.285516,5.9993018,13.618054,14.53413,17.42282,6.0,4.0,2.0,2.0,2.0
YGaONF,5,2.1259,3.4174,-7.190479286,3.785811228034,5.756459645,1.952,-16.504379999999998,-32.177471,-6.435494199999999,39.0,31.0,8.0,7.0,9.0,19.8,11.8,14.0,17.3,17.1,0.0,0.0,65.0,65.0,67.0,0.307,0.43,1.4611135,-1.4,3.4011897000000006,1.22,1.81,3.44,3.04,3.98,3.0,13.0,16.0,15.0,17.0,6.21726,5.9993018,13.618054,14.53413,17.42282,5.0,4.0,2.0,2.0,2.0
CaZrONF,5,1.7249,2.9209,-7.92876148,4.39302814299332,4.116600578,1.2309999999999999,-20.109408,-36.42258,-7.284516000000001,20.0,40.0,8.0,7.0,9.0,29.9,14.1,14.0,17.3,17.1,170.0,0.0,65.0,65.0,67.0,0.02455,0.426,1.4611135,-1.4,3.4011897000000006,1.0,1.33,3.44,3.04,3.98,2.0,4.0,16.0,15.0,17.0,6.1131552,6.6339,13.618054,14.53413,17.42282,4.0,5.0,2.0,2.0,2.0
CaHfONF,5,1.7321,3.0274,-8.09705185,3.83620176316249,6.391095273,1.194,-20.493248,-36.859209,-7.3718418,20.0,72.0,8.0,7.0,9.0,29.9,13.6,14.0,17.3,17.1,170.0,0.0,65.0,65.0,67.0,0.02455,0.013999999999999999,1.4611135,-1.4,3.4011897000000006,1.0,1.3,3.44,3.04,3.98,2.0,4.0,16.0,15.0,17.0,6.1131552,6.82507,13.618054,14.53413,17.42282,4.0,6.0,2.0,2.0,2.0
YGaONF,5,2.1259,3.4174,-7.190479286,3.785811228034,5.756459645,1.952,-16.504379999999998,-32.177468,-6.435493599999999,39.0,31.0,8.0,7.0,9.0,19.8,11.8,14.0,17.3,17.1,0.0,0.0,65.0,65.0,67.0,0.307,0.43,1.4611135,-1.4,3.4011897000000006,1.22,1.81,3.44,3.04,3.98,3.0,13.0,16.0,15.0,17.0,6.21726,5.9993018,13.618054,14.53413,17.42282,5.0,4.0,2.0,2.0,2.0
YBONF,5,3.0156,4.4193,-8.212166868,3.93353705119885,4.712697259,2.642,76.991724,-37.386981999999996,-7.477396399999999,39.0,5.0,8.0,7.0,9.0,19.8,4.6,14.0,17.3,17.1,0.0,0.0,65.0,65.0,67.0,0.307,0.279723,1.4611135,-1.4,3.4011897000000006,1.22,2.04,3.44,3.04,3.98,3.0,13.0,16.0,15.0,17.0,6.21726,8.298019,13.618054,14.53413,17.42282,5.0,2.0,2.0,2.0,2.0
PbZrONF,5,1.5364,2.3847,-7.669377958,3.85941755514915,7.775059455,1.255,-19.29385,-34.969246,-6.9938492,82.0,40.0,8.0,7.0,9.0,18.3,14.1,14.0,17.3,17.1,0.0,0.0,65.0,65.0,67.0,0.35674316,0.426,1.4611135,-1.4,3.4011897000000006,1.8,1.33,3.44,3.04,3.98,14.0,4.0,16.0,15.0,17.0,7.4166796,6.6339,13.618054,14.53413,17.42282,6.0,5.0,2.0,2.0,2.0
YAlONF,5,2.8744,4.1796,-7.79934711,3.28543740398728,5.144483106,2.861,-19.654969,-35.323247,-7.0646494,39.0,13.0,8.0,7.0,9.0,19.8,10.0,14.0,17.3,17.1,0.0,135.0,65.0,65.0,67.0,0.307,0.43283,1.4611135,-1.4,3.4011897000000006,1.22,1.61,3.44,3.04,3.98,3.0,13.0,16.0,15.0,17.0,6.21726,5.9857684,13.618054,14.53413,17.42282,5.0,3.0,2.0,2.0,2.0
RbTaONF,5,0.4614,1.8018,-7.583726314,4.02398483806794,7.545198498,0.009000000000000001,-19.278157,-34.554897,-6.9109793999999996,37.0,73.0,8.0,7.0,9.0,55.9,10.9,14.0,17.3,17.1,225.0,0.0,65.0,65.0,67.0,0.48591999999999996,0.322,1.4611135,-1.4,3.4011897000000006,0.82,1.5,3.44,3.04,3.98,1.0,5.0,16.0,15.0,17.0,4.177128,7.54957,13.618054,14.53413,17.42282,5.0,6.0,2.0,2.0,2.0
PbHfONF,5,1.4908,2.4261,-7.82995208,3.27939786149326,10.11936049,0.79,-20.105345,-35.39860300000001,-7.079720600000002,82.0,72.0,8.0,7.0,9.0,18.3,13.6,14.0,17.3,17.1,0.0,0.0,65.0,65.0,67.0,0.35674316,0.013999999999999999,1.4611135,-1.4,3.4011897000000006,1.8,1.3,3.44,3.04,3.98,14.0,4.0,16.0,15.0,17.0,7.4166796,6.82507,13.618054,14.53413,17.42282,6.0,6.0,2.0,2.0,2.0
SbBONF,5,2.1634,3.2499,-7.097616842,3.9765492109123,4.878336468,2.2430000000000003,79.521474,-32.083931,-6.4167862,51.0,5.0,8.0,7.0,9.0,18.4,4.6,14.0,17.3,17.1,140.0,0.0,65.0,65.0,67.0,1.046,0.279723,1.4611135,-1.4,3.4011897000000006,2.05,2.04,3.44,3.04,3.98,15.0,13.0,16.0,15.0,17.0,8.608389,8.298019,13.618054,14.53413,17.42282,5.0,2.0,2.0,2.0,2.0
LaGaONF,5,1.3833,2.6848,-7.2026973,4.22582711841023,6.918114731,0.721,-2.695466,-33.190129,-6.638025799999999,57.0,31.0,8.0,7.0,9.0,22.5,11.8,14.0,17.3,17.1,0.0,0.0,65.0,65.0,67.0,0.47,0.43,1.4611135,-1.4,3.4011897000000006,1.1,1.81,3.44,3.04,3.98,3.0,13.0,16.0,15.0,17.0,5.5769,5.9993018,13.618054,14.53413,17.42282,6.0,4.0,2.0,2.0,2.0
LaBONF,5,2.7509,4.1035,-8.265957098,3.81603510639986,5.590716936,2.786,84.435962,-38.693904,-7.738780800000001,57.0,5.0,8.0,7.0,9.0,22.5,4.6,14.0,17.3,17.1,0.0,0.0,65.0,65.0,67.0,0.47,0.279723,1.4611135,-1.4,3.4011897000000006,1.1,2.04,3.44,3.04,3.98,3.0,13.0,16.0,15.0,17.0,5.5769,8.298019,13.618054,14.53413,17.42282,6.0,2.0,2.0,2.0,2.0
LaAlONF,5,1.019,2.046,-7.886435968,3.99569551689256,6.523368538,0.772,-17.584012,-36.540249,-7.308049800000001,57.0,13.0,8.0,7.0,9.0,22.5,10.0,14.0,17.3,17.1,0.0,135.0,65.0,65.0,67.0,0.47,0.43283,1.4611135,-1.4,3.4011897000000006,1.1,1.61,3.44,3.04,3.98,3.0,13.0,16.0,15.0,17.0,5.5769,5.9857684,13.618054,14.53413,17.42282,6.0,3.0,2.0,2.0,2.0
BaTiONF,5,0.7683,2.199,-7.758911222,4.17849695657672,5.796574708,0.353,-20.69245,-35.268209999999996,-7.053641999999999,56.0,22.0,8.0,7.0,9.0,39.0,10.6,14.0,17.3,17.1,210.0,140.0,65.0,65.0,67.0,0.14462,0.079,1.4611135,-1.4,3.4011897000000006,0.89,1.54,3.44,3.04,3.98,2.0,4.0,16.0,15.0,17.0,5.211664,6.82812,13.618054,14.53413,17.42282,6.0,4.0,2.0,2.0,2.0
HgHfONF,5,1.8147,2.7648,-6.90314174,3.53780128308064,10.23322376,1.5319999999999998,-15.508804000000001,-30.593941,-6.1187882,80.0,72.0,8.0,7.0,9.0,14.8,13.6,14.0,17.3,17.1,0.0,0.0,65.0,65.0,67.0,0.0,0.013999999999999999,1.4611135,-1.4,3.4011897000000006,1.9,1.3,3.44,3.04,3.98,12.0,4.0,16.0,15.0,17.0,10.437504,6.82507,13.618054,14.53413,17.42282,6.0,6.0,2.0,2.0,2.0
SnHfONF,5,1.0033,1.8127,-7.890268106,3.12481485018844,8.180068167,0.336,-20.178358,-35.781743,-7.156348599999999,50.0,72.0,8.0,7.0,9.0,16.3,13.6,14.0,17.3,17.1,140.0,0.0,65.0,65.0,67.0,1.112067,0.013999999999999999,1.4611135,-1.4,3.4011897000000006,1.96,1.3,3.44,3.04,3.98,14.0,4.0,16.0,15.0,17.0,7.343917,6.82507,13.618054,14.53413,17.42282,5.0,6.0,2.0,2.0,2.0
SnZrONF,5,0.9604,1.7582,-7.731272858,3.33559792429147,5.927581577,1.551,-19.243985000000002,-35.326925,-7.065385000000001,50.0,40.0,8.0,7.0,9.0,16.3,14.1,14.0,17.3,17.1,140.0,0.0,65.0,65.0,67.0,1.112067,0.426,1.4611135,-1.4,3.4011897000000006,1.96,1.33,3.44,3.04,3.98,14.0,4.0,16.0,15.0,17.0,7.343917,6.6339,13.618054,14.53413,17.42282,5.0,5.0,2.0,2.0,2.0
GeTiONF,5,0.4559,1.3188,-7.556897762,4.02472592975878,4.481986177,1.054,-18.589436,-34.25897,-6.851794,32.0,22.0,8.0,7.0,9.0,13.6,10.6,14.0,17.3,17.1,0.0,140.0,65.0,65.0,67.0,1.232712,0.079,1.4611135,-1.4,3.4011897000000006,2.01,1.54,3.44,3.04,3.98,14.0,4.0,16.0,15.0,17.0,7.899435,6.82812,13.618054,14.53413,17.42282,4.0,4.0,2.0,2.0,2.0
GeSnONF,5,0.7345,1.6838,-6.164720884,3.654072230128,5.812310145,0.87,-10.350344999999999,-27.423408,-5.4846816,32.0,50.0,8.0,7.0,9.0,13.6,16.3,14.0,17.3,17.1,0.0,140.0,65.0,65.0,67.0,1.232712,1.112067,1.4611135,-1.4,3.4011897000000006,2.01,1.96,3.44,3.04,3.98,14.0,14.0,16.0,15.0,17.0,7.899435,7.343917,13.618054,14.53413,17.42282,4.0,5.0,2.0,2.0,2.0
SrSiONF,5,2.3071,3.8551,-7.215628172,4.45241318788694,4.69401051,2.241,-17.289381,-32.565471,-6.5130942,38.0,14.0,8.0,7.0,9.0,33.7,12.1,14.0,17.3,17.1,195.0,117.0,65.0,65.0,67.0,0.048,1.3895211,1.4611135,-1.4,3.4011897000000006,0.95,1.9,3.44,3.04,3.98,2.0,14.0,16.0,15.0,17.0,5.6948672,8.151683,13.618054,14.53413,17.42282,5.0,3.0,2.0,2.0,2.0
GaTaONF,5,,0.3767,-7.720076278,3.91768697371361,7.817879325,0.006,-3.984325,-35.053461,-7.010692199999999,31.0,73.0,8.0,7.0,9.0,11.8,10.9,14.0,17.3,17.1,0.0,0.0,65.0,65.0,67.0,0.43,0.322,1.4611135,-1.4,3.4011897000000006,1.81,1.5,3.44,3.04,3.98,13.0,5.0,16.0,15.0,17.0,5.9993018,7.54957,13.618054,14.53413,17.42282,4.0,6.0,2.0,2.0,2.0
BiBONF,5,1.9937,2.8637,-7.027455758,3.88152136073266,7.286897411,0.961,79.338606,-31.658455,-6.331691,83.0,5.0,8.0,7.0,9.0,21.3,4.6,14.0,17.3,17.1,148.0,0.0,65.0,65.0,67.0,0.942362,0.279723,1.4611135,-1.4,3.4011897000000006,1.9,2.04,3.44,3.04,3.98,15.0,13.0,16.0,15.0,17.0,7.285516,8.298019,13.618054,14.53413,17.42282,6.0,2.0,2.0,2.0,2.0
CdSiONF,5,1.017,2.3554,-6.333340826,3.83844650253682,5.972106199,0.7959999999999999,-12.432885,-27.856361,-5.5712722,48.0,14.0,8.0,7.0,9.0,13.1,12.1,14.0,17.3,17.1,160.0,117.0,65.0,65.0,67.0,0.0,1.3895211,1.4611135,-1.4,3.4011897000000006,1.69,1.9,3.44,3.04,3.98,12.0,14.0,16.0,15.0,17.0,8.993822,8.151683,13.618054,14.53413,17.42282,5.0,3.0,2.0,2.0,2.0
CdHfONF,5,1.474,2.5408,-7.16764402,3.5569859160478,8.113763657,0.96,-18.85845,-32.099152,-6.4198303999999995,48.0,72.0,8.0,7.0,9.0,13.1,13.6,14.0,17.3,17.1,160.0,0.0,65.0,65.0,67.0,0.0,0.013999999999999999,1.4611135,-1.4,3.4011897000000006,1.69,1.3,3.44,3.04,3.98,12.0,4.0,16.0,15.0,17.0,8.993822,6.82507,13.618054,14.53413,17.42282,5.0,6.0,2.0,2.0,2.0
YBONF,5,3.0156,4.4193,-8.212166868,3.93353705119885,4.712697259,2.642,76.991724,-37.386970999999996,-7.477394199999999,39.0,5.0,8.0,7.0,9.0,19.8,4.6,14.0,17.3,17.1,0.0,0.0,65.0,65.0,67.0,0.307,0.279723,1.4611135,-1.4,3.4011897000000006,1.22,2.04,3.44,3.04,3.98,3.0,13.0,16.0,15.0,17.0,6.21726,8.298019,13.618054,14.53413,17.42282,5.0,2.0,2.0,2.0,2.0
HfCdONF,5,1.5675,2.7049,-7.243521582,4.24928757694251,8.717400113,1.39,-17.884695999999998,-32.374888000000006,-6.474977600000001,72.0,48.0,8.0,7.0,9.0,13.6,13.1,14.0,17.3,17.1,0.0,160.0,65.0,65.0,67.0,0.013999999999999999,0.0,1.4611135,-1.4,3.4011897000000006,1.3,1.69,3.44,3.04,3.98,4.0,12.0,16.0,15.0,17.0,6.82507,8.993822,13.618054,14.53413,17.42282,6.0,5.0,2.0,2.0,2.0
